texto_original,texto_limpio,real,real_nombre,predicho,predicho_nombre
"Storage, servers bruise HP earnings update Earnings per share rise compared with a year ago, but company misses analysts' expectations by a long shot.",storage server bruise earnings update earnings per share rise compared year ago company miss analyst expectation long shot,4,Sci/Tech,3,Business
"Some People Not Eligible to Get in on Google IPO Google has billed its IPO as a way for everyday people to get in on the process, denying Wall Street the usual stranglehold it's had on IPOs. Public bidding, a minimum of just five shares, an open process with 28 underwriters - all this pointed to a new level of public participation. But this isn't the case.",people eligible get google ipo google billed ipo way everyday people get process denying wall street usual stranglehold ipo public bidding minimum five share open process underwriter pointed new level public participation case,4,Sci/Tech,3,Business
"Rivals Try to Turn Tables on Charles Schwab By MICHAEL LIEDTKE     SAN FRANCISCO (AP) -- With its low prices and iconoclastic attitude, discount stock broker Charles Schwab Corp. (SCH) represented an annoying stone in Wall Street's wing-tipped shoes for decades...",rival try turn table charles schwab michael liedtke san francisco low price iconoclastic attitude discount stock broker charles schwab corp sch represented annoying stone wall street wing tipped shoe decade,4,Sci/Tech,3,Business
Venezuela Prepares for Chavez Recall Vote Supporters and rivals warn of possible fraud; government says Chavez's defeat could produce turmoil in world oil market.,venezuela prepares chavez recall vote supporter rival warn possible fraud government say chavez defeat could produce turmoil world oil market,1,World,3,Business
"Retailers Vie for Back-To-School Buyers (Reuters) Reuters - Apparel retailers are hoping their\back-to-school fashions will make the grade among\style-conscious teens and young adults this fall, but it could\be a tough sell, with students and parents keeping a tighter\hold on their wallets.",retailer vie back school buyer reuters reuters apparel retailer hoping back school fashion make grade among style conscious teen young adult fall could tough sell student parent keeping tighter hold wallet,3,Business,4,Sci/Tech
"Dell Exits Low-End China Consumer PC Market  HONG KONG (Reuters) - Dell Inc. &lt;DELL.O&gt;, the world's  largest PC maker, said on Monday it has left the low-end  consumer PC market in China and cut its overall growth target  for the country this year due to stiff competition in the  segment.",dell exit low end china consumer market hong kong reuters dell inc dell world largest maker said monday left low end consumer market china cut overall growth target country year due stiff competition segment,4,Sci/Tech,3,Business
India's Tata expands regional footprint via NatSteel buyout (AFP) AFP - India's Tata Iron and Steel Company Ltd. took a strategic step to expand its Asian footprint with the announcement it will buy the Asia-Pacific steel operations of Singapore's NatSteel Ltd.,india tata expands regional footprint via natsteel buyout afp afp india tata iron steel company ltd took strategic step expand asian footprint announcement buy asia pacific steel operation singapore natsteel ltd,1,World,3,Business
Live: Olympics day four Richard Faulds and Stephen Parry are going for gold for Great Britain on day four in Athens.,live olympics day four richard fauld stephen parry going gold great britain day four athens,1,World,2,Sports
"Intel to delay product aimed for high-definition TVs SAN FRANCISCO -- In the latest of a series of product delays, Intel Corp. has postponed the launch of a video display chip it had previously planned to introduce by year end, putting off a showdown with Texas Instruments Inc. in the fast-growing market for high-definition television displays.",intel delay product aimed high definition tv san francisco latest series product delay intel corp postponed launch video display chip previously planned introduce year end putting showdown texas instrument inc fast growing market high definition television display,3,Business,4,Sci/Tech
"Olympic history for India, UAE An Indian army major shot his way to his country #39;s first ever individual Olympic silver medal on Tuesday, while in the same event an member of Dubai #39;s ruling family became the first ever medallist from the United Arab Emirates. ",olympic history india uae indian army major shot way country first ever individual olympic silver medal tuesday event member dubai ruling family became first ever medallist united arab emirate,2,Sports,1,World
Yahoo! Ups Ante for Small Businesses Web giant Yahoo! is gambling that price cuts on its domain name registration and Web hosting products will make it more competitive with discounters in the space -- which means that small businesses looking to move online get a sweeter deal through ...,yahoo ups ante small business web giant yahoo gambling price cut domain name registration web hosting product make competitive discounter space mean small business looking move online get sweeter deal,3,Business,4,Sci/Tech
"Oil prices bubble to record high The price of oil has continued its sharp rise overnight, closing at a record high. The main contract in New York, light sweet crude for delivery next month, has closed at a record \$US46.75 a barrel - up 70 cents on yesterday #39;s close. ",oil price bubble record high price oil continued sharp rise overnight closing record high main contract new york light sweet crude delivery next month closed record barrel cent yesterday close,1,World,3,Business
"Google Lowers Its IPO Price Range SAN JOSE, Calif. - In a sign that Google Inc.'s initial public offering isn't as popular as expected, the company lowered its estimated price range to between \$85 and \$95 per share, down from the earlier prediction of \$108 and \$135 per share...",google lower ipo price range san jose calif sign google inc initial public offering popular expected company lowered estimated price range per share earlier prediction per share,1,World,3,Business
"Microsoft finalises three-year government deal Hot on the heels of its 10-year strategic partnership with the London Borough of Newham, Microsoft is close to signing a new broad three-year public sector agreement with the government. ",microsoft finalises three year government deal hot heel year strategic partnership london borough newham microsoft close signing new broad three year public sector agreement government,4,Sci/Tech,3,Business
"Stock Prices Climb Ahead of Google IPO NEW YORK - Investors shrugged off rising crude futures Wednesday to capture well-priced shares, sending the Nasdaq composite index up 1.6 percent ahead of Google Inc.'s much-anticipated initial public offering of stock.    In afternoon trading, the Dow Jones industrial average gained 67.10, or 0.7 percent, to 10,039.93...",stock price climb ahead google ipo new york investor shrugged rising crude future wednesday capture well priced share sending nasdaq composite index percent ahead google inc much anticipated initial public offering stock afternoon trading dow jones industrial average gained percent,1,World,3,Business
"Intuit Posts Wider Loss After Charge (Reuters) Reuters - Intuit Inc. (INTU.O), maker of\the No. 1 U.S. tax presentation software TurboTax, on Wednesday\posted a wider quarterly loss after taking a goodwill\impairment charge during its seasonally weaker fourth quarter.",intuit post wider loss charge reuters reuters intuit inc intu maker tax presentation software turbotax wednesday posted wider quarterly loss taking goodwill impairment charge seasonally weaker fourth quarter,4,Sci/Tech,3,Business
Bill Clinton Helps Launch Search Engine Former president Bill Clinton on Monday helped launch a new Internet search company backed by the Chinese government which says its technology uses artificial intelligence to produce better results than Google Inc.,bill clinton help launch search engine former president bill clinton monday helped launch new internet search company backed chinese government say technology us artificial intelligence produce better result google inc,4,Sci/Tech,3,Business
"Ciena Posts a Loss, Forecasts Flat Sales &lt;p&gt;&lt;/p&gt;&lt;p&gt; By Deborah Cohen&lt;/p&gt;&lt;p&gt; CHICAGO (Reuters) - Telecommunications equipment makerCiena Corp. &lt;CIEN.O&gt; on Thursday reported a wider loss for thefiscal third quarter due to slack demand and forecast sales inthe current quarter would be little changed from the thirdquarter.&lt;/p&gt;",ciena post loss forecast flat sale deborah cohen chicago reuters telecommunication equipment makerciena corp cien thursday reported wider loss thefiscal third quarter due slack demand forecast sale inthe current quarter would little changed thirdquarter,4,Sci/Tech,3,Business
"Iraq Oil Exports Still Halved After Basra HQ Attack  BAGHDAD (Reuters) - Iraq continued to export oil at one  million barrels per day on Friday after an attack on the South  Oil Company headquarters took sabotage operations to a new  level, an official at the state-owned entity said.",iraq oil export still halved basra attack baghdad reuters iraq continued export oil one million barrel per day friday attack south oil company headquarters took sabotage operation new level official state owned entity said,1,World,3,Business
"Swap Your PC, or Your President The producer of ads featuring PC users who switched to Macs is applying the same tactic to political commercials. This time, he'll focus on former backers of President Bush, recruited online, who've changed their political allegiance. By Louise Witt.",swap president producer ad featuring user switched mac applying tactic political commercial time focus former backer president bush recruited online changed political allegiance louise witt,4,Sci/Tech,1,World
Producer sues for Rings profits Hollywood producer Saul Zaentz sues the producers of The Lord of the Rings for \$20m in royalties.,producer sue ring profit hollywood producer saul zaentz sue producer lord ring royalty,1,World,3,Business
Dogs in Training to Sniff Out Cancer Experts have trained unwanted dogs into supersniffers that can detect drugs or bombs. Now they're focusing on a new threat #151;prostate cancer.,dog training sniff cancer expert trained unwanted dog supersniffers detect drug bomb focusing new threat prostate cancer,4,Sci/Tech,1,World
"Crude Price Spike May Send Gas Higher (AP) AP - Amid soaring crude oil prices, gasoline costs have been dropping. But don't expect that to last, economists say.",crude price spike may send gas higher amid soaring crude oil price gasoline cost dropping expect last economist say,1,World,3,Business
Amazon Snaps Up China's Largest Web Retailer (NewsFactor) NewsFactor - Amazon.com (Nasdaq: AMZN) has said it will buy Joyo.com Limited -- a British Virgin Islands company that operates the largest Internet retail Web site in China -- for US #36;75 million.,amazon snap china largest web retailer newsfactor newsfactor amazon com nasdaq amzn said buy joyo com limited british virgin island company operates largest internet retail web site china million,3,Business,4,Sci/Tech
"Italian PM #39;s transplant confirmed After days of speculation sparked by the white bandanna worn by Mr Berlusconi on holiday in Sardinia, Piero Rosati said the results of the operation would show in a couple of months.",italian transplant confirmed day speculation sparked white bandanna worn berlusconi holiday sardinia piero rosati said result operation would show couple month,1,World,2,Sports
"Chavez victory confirmed Caracas, Venezuela - The results of an audit support the official vote count showing that President Hugo Chavez won this month #39;s recall referendum in Venezuela, the head of the Organization of American States said Saturday.",chavez victory confirmed caracas venezuela result audit support official vote count showing president hugo chavez month recall referendum venezuela head organization american state said saturday,3,Business,1,World
"Glory Comes Amid Empty Seats and Closed Shutters HERE in Old Europe, people install shutters outside their windows to keep out the heat, the pollution, the daylight, the noise. They also lock the shutters tight when they go away on holiday.",glory come amid empty seat closed shutter old europe people install shutter outside window keep heat pollution daylight noise also lock shutter tight away holiday,2,Sports,4,Sci/Tech
"Salesforce.com 2Q Profit Up Sharply Software developer Salesforce.com Inc. posted a sharp rise in second-quarter profit on better-than-expected revenue during its first quarter as a public company, but investors shunned the stock in late trading ",salesforce com profit sharply software developer salesforce com inc posted sharp rise second quarter profit better expected revenue first quarter public company investor shunned stock late trading,4,Sci/Tech,3,Business
"Unknown Nesterenko Makes World Headlines (Reuters) Reuters - Belarus' Yuliya Nesterenko won the top\women's athletics gold medal at the Olympics on Saturday,\triumphing over a field stripped of many big names because of\doping woes to win the 100 meters.",unknown nesterenko make world headline reuters reuters belarus yuliya nesterenko top woman athletics gold medal olympics saturday triumphing field stripped many big name doping woe win meter,1,World,2,Sports
Greek weightlifter awaits verdict Greek weightlifter Leonidas Sampanis will find out on Sunday if he is to be stripped of his medal.,greek weightlifter awaits verdict greek weightlifter leonidas sampanis find sunday stripped medal,1,World,2,Sports
"A Founding Father? Give the guy some credit. Tung Chee-hwa, Hong Kong #39;s embattled Chief Executive, gets precious little of it from his people these daysand heaps of ",founding father give guy credit tung chee hwa hong kong embattled chief executive get precious little people daysand heap,1,World,3,Business
"PRESS START FOR NOSTALGIA Like Led Zeppelin #39;s  #39; #39;Stairway to Heaven #39; #39; and Lynyrd Skynyrd #39;s  #39; #39;Freebird, #39; #39; classic video games like Frogger and Pong can bring back an entire era.",press start nostalgia like led zeppelin stairway heaven lynyrd skynyrd freebird classic video game like frogger pong bring back entire era,4,Sci/Tech,2,Sports
"Men Set for Sizzling Duel in 100 Meters ATHENS, Greece - The preliminaries in the 100 meters were perhaps just a sample of what's to come Sunday, when a talented group of qualifiers - including Americans Shawn Crawford, Justin Gatlin and defending champion Maurice Greene - will try to turn their competition into the fastest show at the Athens Games.    Five men broke 10 seconds in qualifying Saturday, led by Crawford's time of 9.89...",men set sizzling duel meter athens greece preliminary meter perhaps sample come sunday talented group qualifier including american shawn crawford justin gatlin defending champion maurice greene try turn competition fastest show athens game five men broke second qualifying saturday led crawford time,1,World,2,Sports
"Wiretapping on the Net: Who pays? NEW YORK At first glance, it might seem like the simple extension of a standard tool in the fight against the bad guys. But in fact, wiretapping Internet phones to monitor criminals and terrorists is costly ",wiretapping net pay new york first glance might seem like simple extension standard tool fight bad guy fact wiretapping internet phone monitor criminal terrorist costly,4,Sci/Tech,3,Business
"Nortel Downsizes Again Aug. 23, 2004 (TheDeal.com) Problem-plagued Nortel Networks Corp. announced plans Thursday, Aug. 19, to eliminate an additional 3,500 jobs and fire seven more senior executives as the company labors to reinvent ",nortel downsizes aug thedeal com problem plagued nortel network corp announced plan thursday aug eliminate additional job fire seven senior executive company labor reinvent,3,Business,4,Sci/Tech
Chavez rejects CD as opposition Venezuela #39;s President Hugo Chavez has announced that he will no longer recognize the Democratic Coordination or CD as the opposition coalition.,chavez reject opposition venezuela president hugo chavez announced longer recognize democratic coordination opposition coalition,3,Business,1,World
Does Nick Carr matter? Strategybusiness concludes that a controversial new book on the strategic value of information technology is flawed--but correct.\,nick carr matter strategybusiness concludes controversial new book strategic value information technology flawed correct,4,Sci/Tech,3,Business
"Leeds students figure high on working curve Undergraduates in the city earn more than 90 a week on average, just behind Glasgow, Cambridge and Cardiff. Their hard-earned cash is likely to be spent on looking good and socialising, the ",leeds student figure high working curve undergraduate city earn week average behind glasgow cambridge cardiff hard earned cash likely spent looking good socialising,3,Business,2,Sports
"U.S. Men's Hoops Team Finally Gets a Rout ATHENS, Greece - The Americans got a taste of what it was like in the good ol' days. They finally played an opponent they were able to beat easily, routing Angola 89-53 Monday in their final preliminary game of the Olympic men's basketball tournament...",men hoop team finally get rout athens greece american got taste like good day finally played opponent able beat easily routing angola monday final preliminary game olympic men basketball tournament,1,World,2,Sports
"Intel drops prices on computer chips SAN FRANCISCO - Intel Corp. has cut prices on its computer chips by as much as 35 percent, though analysts on Monday said the cuts were probably unrelated to swelling inventories of the world #39;s largest chip maker.",intel drop price computer chip san francisco intel corp cut price computer chip much percent though analyst monday said cut probably unrelated swelling inventory world largest chip maker,4,Sci/Tech,3,Business
Iran shuts reformist websites WEBSITES CLOSE to Iran #39;s leading reformist party have been blocked by religious hardliners in the police bureau of public morals.,iran shuts reformist website website close iran leading reformist party blocked religious hardliner police bureau public moral,4,Sci/Tech,1,World
Gregg: I will help to close deal EVERTON chairman Bill Kenwright #39;s plans for a Russian revolution at Goodison Park may have thawed the cold war with director Paul Gregg.,gregg help close deal everton chairman bill kenwright plan russian revolution goodison park may thawed cold war director paul gregg,2,Sports,1,World
" #39;Somebody please save my dad #39; Nick du Toit #39;s wife and stepdaughter are distraught that there is nothing they can do to help him. On Monday his stepdaughter, Marilise Bezuidenhout, was forced to convey the news of his possible death sentence ",somebody please save dad nick toit wife stepdaughter distraught nothing help monday stepdaughter marilise bezuidenhout forced convey news possible death sentence,1,World,2,Sports
"Careening Indians Fall Slumping Cleveland lost a three-run lead while Derek Jeter homered and stole two ninth-inning bases as New York sent the Indians to their ninth consecutive loss, 5-4, Tuesday.",careening indian fall slumping cleveland lost three run lead derek jeter homered stole two ninth inning base new york sent indian ninth consecutive loss tuesday,2,Sports,1,World
Site security gets a recount at Rock the Vote Grassroots movement to register younger voters leaves publishing tools accessible to outsiders.,site security get recount rock vote grassroots movement register younger voter leaf publishing tool accessible outsider,4,Sci/Tech,1,World
"India's Tata makes powerful debut Shares  in Indian software services giant Tata Consultancy close 16 higher on their market debut, raising \$1.2bn for the company.",india tata make powerful debut share indian software service giant tata consultancy close higher market debut raising company,1,World,3,Business
"EU to probe Microsoft-Time Warner buy The decision is a setback for the two companies and their plan to acquire ContentGuard, a digital rights management firm.",probe microsoft time warner buy decision setback two company plan acquire contentguard digital right management firm,4,Sci/Tech,3,Business
"Bryant Prosecutors Say Some Data Tainted DENVER - Crucial DNA evidence tested by defense experts in the Kobe Bryant sexual assault case might have been contaminated, prosecutors said in a court filing released Wednesday, just two days before jury selection is to begin.    Prosecutors said they had found contamination in DNA ""control"" samples intended to ensure testing was accurate...",bryant prosecutor say data tainted denver crucial dna evidence tested defense expert kobe bryant sexual assault case might contaminated prosecutor said court filing released wednesday two day jury selection begin prosecutor said found contamination dna control sample intended ensure testing accurate,1,World,2,Sports
"MOM 2005 Released to Manufacturing Microsoft on Wednesday announced the release to manufacturing of Microsoft Operations Manager (MOM) 2005 and MOM 2005 Workgroup Edition, a new edition that the company previously called MOM 2005 Express.",mom released manufacturing microsoft wednesday announced release manufacturing microsoft operation manager mom mom workgroup edition new edition company previously called mom express,3,Business,4,Sci/Tech
"Jones Advances in Long Jump; Johnson Out ATHENS, Greece - Marion Jones made her Athens debut in virtual anonymity, quietly advancing to the long jump final. Allen Johnson had the attention of everyone in the stadium, for all the wrong reasons...",jones advance long jump johnson athens greece marion jones made athens debut virtual anonymity quietly advancing long jump final allen johnson attention everyone stadium wrong reason,1,World,2,Sports
"Belarus Bank Denies Money Laundering Charge A bank in Belarus has denied US charges that it laundered money for former Iraqi leader Saddam Hussein. Infobank, in a statement, said it has strictly followed international agreements related to the fight against illegal transactions.",belarus bank denies money laundering charge bank belarus denied charge laundered money former iraqi leader saddam hussein infobank statement said strictly followed international agreement related fight illegal transaction,3,Business,1,World
Nepal blockade 'blow to tourism' Nepal tour operators say tourists cancelled millions of  dollars of bookings due to the rebel blockade of Kathmandu.,nepal blockade blow tourism nepal tour operator say tourist cancelled million dollar booking due rebel blockade kathmandu,3,Business,1,World
"Spears' Fiance to Star in Her New Video NEW YORK - Britney Spears' former backup dancer and current fiance Kevin Federline can add another title to his resume: co-star.    On Wednesday, a Jive Records publicist confirmed Federline is featured in Spears' upcoming ""My Prerogative"" video, set to debut in mid-September...",spear fiance star new video new york britney spear former backup dancer current fiance kevin federline add another title resume star wednesday jive record publicist confirmed federline featured spear upcoming prerogative video set debut mid september,1,World,4,Sci/Tech
TiVo loss widens SAN FRANCISCO (CBS.MW) - TiVo said its second-quarter loss widened from a year earlier on higher customer acquisition costs. Free!,tivo loss widens san francisco cbs tivo said second quarter loss widened year earlier higher customer acquisition cost free,4,Sci/Tech,3,Business
"Nigerian Senate approves \$1.5 bln claim on Shell LAGOS - Nigeria #39;s Senate has passed a resolution asking Shell #39;s Nigerian unit to pay \$1.5 billion in compensation to oilfield communities for pollution, a Senate spokesman said.",nigerian senate approves bln claim shell lagos nigeria senate passed resolution asking shell nigerian unit pay billion compensation oilfield community pollution senate spokesman said,3,Business,1,World
US edge out Brazil for gold The United States beat Brazil 2-1 in extra time to win the women's Olympic football tournament.,edge brazil gold united state beat brazil extra time win woman olympic football tournament,1,World,2,Sports
"Breast scans 'fail' in some women Some women with breast cancer are less likely to have their tumours picked up by scans, say experts.",breast scan fail woman woman breast cancer less likely tumour picked scan say expert,1,World,4,Sci/Tech
Govt. to Test New Air Passenger Screening Program The US government unveiled plans on Thursday for a revised computer-based program using personal information to identify airline passengers who may pose a threat to air travel.,govt test new air passenger screening program government unveiled plan thursday revised computer based program using personal information identify airline passenger may pose threat air travel,4,Sci/Tech,3,Business
"Vote 2004 - a guide to the primary Get ready for the primary with the Herald-Tribunes special news section profiling all the federal, state and local candidates in races in Tuesdays election.",vote guide primary get ready primary herald tribune special news section profiling federal state local candidate race tuesday election,1,World,4,Sci/Tech
"Dominicans' Swift Step Into Crisis SANTO DOMINGO, Dominican Republic -- When Sandro Batista smashed his banana truck into a tree in April, leaving him with two hideously shattered legs and a broken arm, his orthopedic surgeon sent his sister shopping.",dominican swift step crisis santo domingo dominican republic sandro batista smashed banana truck tree april leaving two hideously shattered leg broken arm orthopedic surgeon sent sister shopping,3,Business,1,World
"US economic growth slips to 2.8 Annual US economic growth fell to 2.8 in the second quarter of 2004, marking a slowdown from the 3 estimated a month ago.",economic growth slip annual economic growth fell second quarter marking slowdown estimated month ago,1,World,3,Business
"Japanese Utility Plans IPO in October (AP) AP - Electric Power Development Co., a former state-run utility, said Friday it is planning an initial public offering on the Tokyo Stock Exchange in October, a deal that could be the country's biggest new stock listing in six years.",japanese utility plan ipo october electric power development former state run utility said friday planning initial public offering tokyo stock exchange october deal could country biggest new stock listing six year,1,World,3,Business
Bon-Ton's Succession Success The transition atop the department store company looks like a pleasant non-story.,bon ton succession success transition atop department store company look like pleasant non story,3,Business,4,Sci/Tech
"Flying Cars Reportedly Still Decades Away (AP) AP - It's a frustrated commuter's escapist fantasy: literally lifting your car out of a clogged highway and soaring through the skies, landing just in time to motor into your driveway.",flying car reportedly still decade away frustrated commuter escapist fantasy literally lifting car clogged highway soaring sky landing time motor driveway,4,Sci/Tech,3,Business
"HP to tempt holiday shoppers with sights and sounds The computer-hardware giant, best known for products such as PCs and printers, on Friday laid out its plan to become a brand-name in consumer electronics products such as flat-screen TVs, music players and the devices that move content between them.",tempt holiday shopper sight sound computer hardware giant best known product pc printer friday laid plan become brand name consumer electronics product flat screen tv music player device move content,3,Business,4,Sci/Tech
"Argentina Beats U.S. Men's Basketball Team Argentina defeated the United States team of National Basketball Association stars 89-81 here Friday in the Olympic semi-finals, dethroning the three-time defending champions.",argentina beat men basketball team argentina defeated united state team national basketball association star friday olympic semi final dethroning three time defending champion,1,World,2,Sports
"Siemens Says Cellphone Flaw May Hurt Users and Its Profit Siemens, the world #39;s fourth-largest maker of mobile phones, said Friday that a software flaw that can create a piercing ring in its newest phone models might hurt earnings in its handset division.",siemens say cellphone flaw may hurt user profit siemens world fourth largest maker mobile phone said friday software flaw create piercing ring newest phone model might hurt earnings handset division,3,Business,4,Sci/Tech
"Bea Arthur for President Bea Arthur sparked a security scare at Logan Airport in Boston this week when she tried to board a Cape Air flight with a pocketknife in her handbag.    The ""Golden Girls"" star, now 81, was flagged by a Transportation Security Administration agent, who discovered the knife - a strict no-no following 9/11.    ""She started yelling that it wasn't hers and said 'The terrorists put it there,' "" a fellow passenger said. ""She kept yelling about the 'terrorists, the terrorists, the terrorists.' ""    After the blade was confiscated, Arthur took a keyring from her bag and told the agent it belonged to the ""terrorists,"" before throwing it at them.  - via philly.com",bea arthur president bea arthur sparked security scare logan airport boston week tried board cape air flight pocketknife handbag golden girl star flagged transportation security administration agent discovered knife strict following started yelling said terrorist put fellow passenger said kept yelling terrorist terrorist terrorist blade confiscated arthur took keyring bag told agent belonged terrorist throwing via philly com,4,Sci/Tech,1,World
"Health Highlights: Aug. 28, 2004 A new drug that fights a form of age-related macular degeneration (AMD), a leading cause of blindness in the elderly, won applause if not approval from a panel of advisors to the US Food and Drug Administration.",health highlight aug new drug fight form age related macular degeneration amd leading cause blindness elderly applause approval panel advisor food drug administration,3,Business,4,Sci/Tech
"Apology, refund from cruise line In a move almost unheard of in its industry, Norwegian Cruise Line has apologized for service problems during the Pride of Aloha #39;s first two months of sailing around Hawaii, and is refunding a portion of the service charge to everyone who has cruised on ",apology refund cruise line move almost unheard industry norwegian cruise line apologized service problem pride aloha first two month sailing around hawaii refunding portion service charge everyone cruised,3,Business,2,Sports
"Conn. Man, 70, Oldest to Swim Channel LONDON - A retired Connecticut pilot has become the oldest person to swim the English Channel. George Brunstad, 70, left Dover, England, Saturday morning heading for the French Coast...",conn man oldest swim channel london retired connecticut pilot become oldest person swim english channel george brunstad left dover england saturday morning heading french coast,1,World,2,Sports
US Bells Do Video on Path Blazed by Small Telcos The three largest US local telephone corporations made a splash this summer with plans to sell video services on their voice and data lines in a few years.,bell video path blazed small telco three largest local telephone corporation made splash summer plan sell video service voice data line year,3,Business,4,Sci/Tech
Our mobile margins will fall: Telstra TELSTRA chief financial officer John Stanhope has admitted Telstra #39;s margins in its \$4.5 billion a year mobile phone business will shrink this year in the face of increased price competition and the growing cost of acquiring new customers.,mobile margin fall telstra telstra chief financial officer john stanhope admitted telstra margin billion year mobile phone business shrink year face increased price competition growing cost acquiring new customer,4,Sci/Tech,3,Business
"For Now, Unwired Means Unlisted. That May Change. In October, most major cellphone carriers plan to start compiling a publicly accessible listing of wireless phone numbers.",unwired mean unlisted may change october major cellphone carrier plan start compiling publicly accessible listing wireless phone number,3,Business,4,Sci/Tech
"Scaffold collapse survivors improving One of the men who survived Friday #39;s fatal scaffold collapse is in guarded condition at Detroit Receiving Hospital and the two other survivors were released on Sunday, a hospital spokeswoman said.",scaffold collapse survivor improving one men survived friday fatal scaffold collapse guarded condition detroit receiving hospital two survivor released sunday hospital spokeswoman said,3,Business,1,World
"On TV -- from the Internet  SAN MATEO, Calif. -- The promise of Internet-based video has long been hamstrung by copyright and piracy worries, slow dial-up connections, technical challenges, and consumer disdain for watching blotchy videos on their home computers.",internet san mateo calif promise internet based video long hamstrung copyright piracy worry slow dial connection technical challenge consumer disdain watching blotchy video home computer,3,Business,4,Sci/Tech
"Intel in new chip breakthrough Intel creates a more powerful memory chip without increasing its size, confounding the firm's critics.",intel new chip breakthrough intel creates powerful memory chip without increasing size confounding firm critic,3,Business,4,Sci/Tech
"Carnival crowds likely to top 1m As the Notting Hill Carnival enters its final day, police say they are pleased with how it has gone so far. About 250,000 people took to the streets on Sunday - more than double the first day last year - to celebrate 40 years of the west London event.",carnival crowd likely top notting hill carnival enters final day police say pleased gone far people took street sunday double first day last year celebrate year west london event,1,World,2,Sports
"Mining concern names outside managers SYDNEY Sons of Gwalia, the world #39;s leading supplier of tantalum, appointed outside managers on Monday after failing to reach agreement with creditors.",mining concern name outside manager sydney son gwalia world leading supplier tantalum appointed outside manager monday failing reach agreement creditor,3,Business,4,Sci/Tech
Bryant Makes First Appearance at Trial (AP) AP - NBA star Kobe Bryant arrived at his sexual assault trial Monday as attorneys in the case who spent the weekend poring over questionnaires prepared to question potential jurors individually.,bryant make first appearance trial nba star kobe bryant arrived sexual assault trial monday attorney case spent weekend poring questionnaire prepared question potential juror individually,4,Sci/Tech,2,Sports
"A Better Solution for Israel The hysterical tone of Daniel Seidemann #39;s plea to the next US administration to save Israel from itself serves no useful purpose op-ed, Aug. 26.",better solution israel hysterical tone daniel seidemann plea next administration save israel serf useful purpose aug,1,World,4,Sci/Tech
"Japan should outsource more The Japanese information services industry clocked up sales of 13,703.9 billion yen in fiscal 2001, according to a report on selected service industries for 2001 released by the Ministry of Economy, Trade and Industry (METI).",japan outsource japanese information service industry clocked sale billion yen fiscal according report selected service industry released ministry economy trade industry meti,1,World,3,Business
Hall of Shame   Hall of Fame We spotlight people and products that pester us...and the heroes saving us from annoyances.,hall shame hall fame spotlight people product pester hero saving annoyance,4,Sci/Tech,3,Business
"Maddux Wins No. 302, Baker Wins No. 1,000 Greg Maddux pitched the Chicago Cubs into the lead in the NL wild-card race and gave Dusty Baker a win to remember. Maddux threw seven shutout innings for his 302nd career win, Baker got his 1,000th victory as a manager and Chicago beat the Montreal Expos 5-2 on Monday night...",maddux win baker win greg maddux pitched chicago cub lead wild card race gave dusty baker win remember maddux threw seven shutout inning career win baker got victory manager chicago beat montreal expo monday night,1,World,2,Sports
Francis Nixes Hurricanes' Front Office Job (AP) AP - Ron Francis turned down a front-office job with the Carolina Hurricanes and is still deciding whether he wants to continue his playing career.,francis nix hurricane front office job ron francis turned front office job carolina hurricane still deciding whether want continue playing career,2,Sports,4,Sci/Tech
Old Rumors of Gay Sex Prove Powerful on Web Va. GOP members chose Del. Thelma Drake (Norfolk) to replace Rep. Edward L. Schrock after he resigned amidst allegations Schrock indulged in or solicited gay sex.,old rumor gay sex prove powerful web gop member chose del thelma drake norfolk replace rep edward schrock resigned amidst allegation schrock indulged solicited gay sex,4,Sci/Tech,1,World
"Paris Tourists Search for Key to 'Da Vinci Code' (Reuters) Reuters - A funny thing happened on the way to the\Mona Lisa. Visitors to the Louvre museum in Paris, home of the\world's most famous painting, started quizzing tour guides\about Dan Brown's best-selling novel ""The Da Vinci Code.""",paris tourist search key vinci code reuters reuters funny thing happened way mona lisa visitor louvre museum paris home world famous painting started quizzing tour guide dan brown best selling novel vinci code,1,World,4,Sci/Tech
"Make hotels just like home HOTEL operators, take note: Todays hotel guests are making a nonsense of room-pricing strategies with their aggressive, Internet-aided discount-hunting.",make hotel like home hotel operator take note today hotel guest making nonsense room pricing strategy aggressive internet aided discount hunting,4,Sci/Tech,3,Business
Strong Hurricane Roars Over Bahamas Toward Florida (Reuters) Reuters - Hurricane Frances battered the\southeastern Bahamas islands with 140 mph winds on Wednesday as\it roared toward the United States and put millions of people\on alert along Florida's heavily populated east coast.,strong hurricane roar bahamas toward florida reuters reuters hurricane france battered southeastern bahamas island mph wind wednesday roared toward united state put million people alert along florida heavily populated east coast,4,Sci/Tech,1,World
Software Service Aims to Outfox Caller ID A new computerized service enables customers to create phony outbound phone numbers in order to mask their telephone identities.,software service aim outfox caller new computerized service enables customer create phony outbound phone number order mask telephone identity,3,Business,4,Sci/Tech
"Red Hat replaces CFO Red Hat on Thursday named Charles Peters Jr. as executive vice president and chief financial officer. Peters replaces Kevin Thompson, who unexpectedly announced his resignation in June, a few days before the ",red hat replaces cfo red hat thursday named charles peter executive vice president chief financial officer peter replaces kevin thompson unexpectedly announced resignation june day,3,Business,4,Sci/Tech
"Appeals court faults Oracle in shareholder suit Judges send case back to lower court to sort out allegations of improper bookkeeping and ""suspicious"" stock sales.",appeal court fault oracle shareholder suit judge send case back lower court sort allegation improper bookkeeping suspicious stock sale,4,Sci/Tech,3,Business
"Davenport Advances at U.S. Open NEW YORK - Lindsay Davenport's summer of success stayed on course Thursday when the fifth-seeded former U.S. Open champion defeated Arantxa Parra Santonja 6-4, 6-2 and advanced to the third round of the season's final Grand Slam event...",davenport advance open new york lindsay davenport summer success stayed course thursday fifth seeded former open champion defeated arantxa parra santonja advanced third round season final grand slam event,1,World,2,Sports
Megawati kicks off 36th ASEAN economic meeting JAKARTA (Agencies): President Megawati Soekarnoputri opened high-level economic talks between members of the Association of Southeast Asian Nations (ASEAN) on Friday with a warning to ASEAN leaders that they must stay the course on their agreed ,megawati kick asean economic meeting jakarta agency president megawati soekarnoputri opened high level economic talk member association southeast asian nation asean friday warning asean leader must stay course agreed,3,Business,1,World
The Bahamas - the real medal winner of the Athens Olympics A different way of calculating the medal standings brings some interesting results.,bahamas real medal winner athens olympics different way calculating medal standing brings interesting result,4,Sci/Tech,2,Sports
Del Monte Needs 9Lives The leading private and branded food and pet products marketer is spending to revamp its image.,del monte need life leading private branded food pet product marketer spending revamp image,3,Business,4,Sci/Tech
EU foreign ministers hope to break deadlock over ASEM summit The European Union said Friday it  quot;hoped to reach a conclusion quot; at a meeting of foreign ministers on the participation of military-ruled Myanmar in an upcoming summit of Asian and European nations.,foreign minister hope break deadlock asem summit european union said friday quot hoped reach conclusion quot meeting foreign minister participation military ruled myanmar upcoming summit asian european nation,3,Business,1,World
"Judge: Geico can sue Google, Overture over ads A federal judge in Virginia has ruled that a trademark infringement suit filed by the Government Employees Insurance Co. (GEICO) against Internet search giants Google Inc. and Overture Services Inc. can proceed.",judge geico sue google overture ad federal judge virginia ruled trademark infringement suit filed government employee insurance geico internet search giant google inc overture service inc proceed,3,Business,4,Sci/Tech
"USA : Textile industry to renew request to place embargo on &lt;b&gt;...&lt;/b&gt; The US textile industry officials would plead for blocking Chinese imports to the Bush administration this month. Earlier this year, the White House had rejected a similar request made by 130 Republican and Democratic members of Congress.",usa textile industry renew request place embargo textile industry official would plead blocking chinese import bush administration month earlier year white house rejected similar request made republican democratic member congress,3,Business,1,World
NASA braces for Frances Thousands of automobiles clogged Florida #39;s highways during the largest evacuation in state history as residents anticipated the arrival of Hurricane Frances.,nasa brace france thousand automobile clogged florida highway largest evacuation state history resident anticipated arrival hurricane france,4,Sci/Tech,1,World
"ASEAN moves closer to single market with  #39;road map #39;, global trade &lt;b&gt;...&lt;/b&gt; JAKARTA : ASEAN finance ministers ended a meeting which saw Southeast Asia edge closer to a Europe-style single market, laying out a  quot;road map quot; for integration and opening doors to wider global trade.",asean move closer single market road map global trade jakarta asean finance minister ended meeting saw southeast asia edge closer europe style single market laying quot road map quot integration opening door wider global trade,1,World,4,Sci/Tech
"World briefs LONDON - A man wielding a machete and a knife attacked two security guards at the building housing the headquarters of the British domestic intelligence service MI5 on Friday, police said.",world brief london man wielding machete knife attacked two security guard building housing headquarters british domestic intelligence service friday police said,3,Business,1,World
"Supah Blitz captures Del Mar BC Handicap After spending the first 29 starts of his career mostly confined to the East Coast, Supah Blitz found out what everyone eventually does - it #39;s much better at Del Mar. In his ",supah blitz capture del mar handicap spending first start career mostly confined east coast supah blitz found everyone eventually much better del mar,2,Sports,4,Sci/Tech
"Philippines mourns dead in Russian school siege The Philippines Saturday expressed quot;deepest sympathy quot; to the families of the dead in the Russian school siege on Friday, in which 322 people were killed when Russian troops stormed ",philippine mourns dead russian school siege philippine saturday expressed quot deepest sympathy quot family dead russian school siege friday people killed russian troop stormed,4,Sci/Tech,1,World
"Summer Box Office Hits a High, Despite Lows In a summer when many of the studios' biggest bets failed to pay off, it was familiarity in the form of sequels and low-budget comedies that resonated with movie audiences.",summer box office hit high despite low summer many studio biggest bet failed pay familiarity form sequel low budget comedy resonated movie audience,3,Business,1,World
"Dell cuts prices on many corporate products Dell on Monday said it had cut prices by as much as fifth for a range of products aimed at US corporate customers, as the computer maker passed along savings from cheaper components.",dell cut price many corporate product dell monday said cut price much fifth range product aimed corporate customer computer maker passed along saving cheaper component,4,Sci/Tech,3,Business
"Israel to close Erez industrial zone before March Israel would start liquidating the Erez industrial zone in the northern Gaza Strip before launching the first stage of the disengagement plan in March 2005,local newspaper Ha #39;aretz reported on Tuesday.",israel close erez industrial zone march israel would start liquidating erez industrial zone northern gaza strip launching first stage disengagement plan march local newspaper aretz reported tuesday,3,Business,1,World
"Tribe challenges American origins Some of the earliest settlers of America may have been from Australia, southern Asia, and the Pacific, not northern Asia, research suggests.",tribe challenge american origin earliest settler america may australia southern asia pacific northern asia research suggests,4,Sci/Tech,1,World
Florida deaths blamed on Hurricane Frances State and local officials Tuesday said nine people have died in Florida because of Hurricane Frances. The following describes those deaths: - A 15-year-old grandson and a former son ,florida death blamed hurricane france state local official tuesday said nine people died florida hurricane france following describes death year old grandson former son,2,Sports,1,World
"Movies in a snap: Netflix and TiVo discuss downloads Bee Staff Writer. The high-tech ground is shifting underfoot again, amid rumblings of a new Silicon Valley alliance that would let owners of TiVo Inc.",movie snap netflix tivo discus downloads bee staff writer high tech ground shifting underfoot amid rumbling new silicon valley alliance would let owner tivo inc,3,Business,4,Sci/Tech
"Hyundai signs deal for China truck plant Hyundai Motor Co. said yesterday that it has signed an agreement with a Chinese company, Jianghuai Automobile Corp., to build a commercial vehicle and engine plant in China #39;s Anhui province.",hyundai sign deal china truck plant hyundai motor said yesterday signed agreement chinese company jianghuai automobile corp build commercial vehicle engine plant china anhui province,4,Sci/Tech,3,Business
"Stocks Drop After Greenspan Testimony NEW YORK - Investors were unmoved by Federal Reserve Chairman Alan Greenspan's improved assessment of the economy, with stocks falling narrowly Wednesday in light trading.    While Greenspan said the economy has ""regained some traction"" after the summer's slowdown, he echoed Wall Street's concerns over energy prices, which have fallen from record highs in recent weeks but stubbornly remain above \$40 per barrel...",stock drop greenspan testimony new york investor unmoved federal reserve chairman alan greenspan improved assessment economy stock falling narrowly wednesday light trading greenspan said economy regained traction summer slowdown echoed wall street concern energy price fallen record high recent week stubbornly remain per barrel,1,World,3,Business
"The Week: No. 1 at Last water running over a rock, wind ripping across a sand dune, the ocean washing up against the shore. Whatever the image, for the last three years Vijay Singh has been the ",week last water running rock wind ripping across sand dune ocean washing shore whatever image last three year vijay singh,2,Sports,4,Sci/Tech
"Groups Offers Beer for Blood Donations (AP) AP - Some in Michigan who roll up their sleeves to donate blood will get a racetrack T-shirt, hat and pin. Sponsors in San Diego have given away whale-watching trips. On Wednesday, the Cleveland Regional Transit Authority handed out vouchers for a pint of any beverage, including beer, in exchange for a pint of blood.",group offer beer blood donation michigan roll sleeve donate blood get racetrack shirt hat pin sponsor san diego given away whale watching trip wednesday cleveland regional transit authority handed voucher pint beverage including beer exchange pint blood,4,Sci/Tech,1,World
Stocks Higher on Drop in Jobless Claims A sharp drop in initial unemployment claims and bullish forecasts from Nokia and Texas Instruments sent stocks slightly higher in early trading Thursday.,stock higher drop jobless claim sharp drop initial unemployment claim bullish forecast nokia texas instrument sent stock slightly higher early trading thursday,3,Business,1,World
Stocks Higher on Drop in Jobless Claims A sharp drop in initial unemployment claims and bullish forecasts from Nokia and Texas Instruments sent stocks higher in early trading Thursday.,stock higher drop jobless claim sharp drop initial unemployment claim bullish forecast nokia texas instrument sent stock higher early trading thursday,3,Business,1,World
"Groups Petition U.S. on China Policies (AP) AP - A group of industry, farm and labor groups, seeking to put pressure on the Bush administration before the presidential election, petitioned the government on Thursday to file an unfair trade practices case against China.",group petition china policy group industry farm labor group seeking put pressure bush administration presidential election petitioned government thursday file unfair trade practice case china,1,World,3,Business
Florida Starts To Recover in the Wake of Hurricane Frances President Bush will travel to Florida Wednesday to survey damage from Hurricane Frances. He sent a letter to Congress asking for \$2 billion to help with recovery efforts.,florida start recover wake hurricane france president bush travel florida wednesday survey damage hurricane france sent letter congress asking billion help recovery effort,4,Sci/Tech,1,World
"Colts Lead Pats Early in Third Quarter FOXBORO, Mass. - Peyton Manning reached the 25,000-yard passing mark faster than anyone but Dan Marino, and the Indianapolis Colts shredded the New England Patriots for a 17-13 halftime lead Thursday night...",colt lead pat early third quarter foxboro mass peyton manning reached yard passing mark faster anyone dan marino indianapolis colt shredded new england patriot halftime lead thursday night,1,World,2,Sports
Telescope snaps distant 'planet' The first direct image of a planet circling another star may have been obtained by a US-European team of astronomers.,telescope snap distant planet first direct image planet circling another star may obtained european team astronomer,1,World,4,Sci/Tech
"Storms Seem to Cure Floridians of Hurricane Amnesia The state #39;s East Coast hadn #39;t been hit by a hurricane since 1999. That, and the fact that Florida hasn #39;t had its historic share of such storms in recent decades, has led to some complacency about their effects.",storm seem cure floridian hurricane amnesia state east coast hit hurricane since fact florida historic share storm recent decade led complacency effect,3,Business,4,Sci/Tech
"Oracle #39;s Ellison happy as \$5.5m Larry LARRY Ellison, the chief executive of software maker Oracle, earned \$US3.85 million (\$5.53 million) in salary and bonus for the financial year that ended May 31.",oracle ellison happy larry larry ellison chief executive software maker oracle earned million million salary bonus financial year ended may,3,Business,4,Sci/Tech
"Two gored to death in Spanish bull-run Two Spanish men were gored to death by fighting bulls yesterday during the bull-run at the local fiestas in Ampuero, a town 30 miles east of the northern port city of Santander.",two gored death spanish bull run two spanish men gored death fighting bull yesterday bull run local fiesta ampuero town mile east northern port city santander,1,World,2,Sports
"Let a Thousand Ideas Flower: China Is a New Hotbed of Research In recent years, hundreds of multinational companies have set up research laboratories in China.",let thousand idea flower china new hotbed research recent year hundred multinational company set research laboratory china,3,Business,4,Sci/Tech
"Bullies move online Singapore - More complaints of cyberbullying are emerging from youngsters in Singapore than any other country except the United States, an international safety group said in a report on Monday.",bully move online singapore complaint cyberbullying emerging youngster singapore country except united state international safety group said report monday,4,Sci/Tech,3,Business
"For Craigslist, city was just the ticket Hadley Weinzierl used Craigslist to furnish her Jamaica Plain apartment, and when she bought a Maltese puppy, she sought advice from fellow Craigslisters on a good vet, a cheap dog-walker, and a park where she could let the dog run without a leash.",craigslist city ticket hadley weinzierl used craigslist furnish jamaica plain apartment bought maltese puppy sought advice fellow craigslisters good vet cheap dog walker park could let dog run without leash,3,Business,4,Sci/Tech
"At Last, Success on the Road for Lions The Detroit Lions went three full seasons without winning an away game, setting an NFL record for road futility. They ended that ignominious streak Sunday in their first opportunity of the season, beating the Chicago Bears 20-16 at Soldier Field...",last success road lion detroit lion went three full season without winning away game setting nfl record road futility ended ignominious streak sunday first opportunity season beating chicago bear soldier field,1,World,2,Sports
FDA OKs Kit Used with Hemophilia Therapy  CHICAGO (Reuters) - Wyeth Pharmaceuticals said on Monday it  received U.S. regulatory approval for a kit designed to help  patients with the blood disorder hemophilia get regular  treatments more quickly and safely.,fda ok kit used hemophilia therapy chicago reuters wyeth pharmaceutical said monday received regulatory approval kit designed help patient blood disorder hemophilia get regular treatment quickly safely,3,Business,4,Sci/Tech
"Meditation Practice Helping Arthritis Patients By ALEX DOMINGUEZ    BALTIMORE (AP) -- Dalia Isicoff knows pain. A lifelong sufferer of rheumatoid arthritis, she has had seven hip replacement surgeries...",meditation practice helping arthritis patient alex dominguez baltimore dalia isicoff know pain lifelong sufferer rheumatoid arthritis seven hip replacement surgery,4,Sci/Tech,3,Business
"Training is the Key to Defibrillator Success By DANIEL YEE     ALPHARETTA, Ga. (AP) -- Because defibrillators are more affordable than ever, they are quickly becoming commonplace in schools, businesses and other public places such as airports...",training key defibrillator success daniel yee alpharetta defibrillator affordable ever quickly becoming commonplace school business public place airport,4,Sci/Tech,2,Sports
Novell: Microsoft 'sucked \$60 billion' out of IT CEO Jack Messman tells conference crowd that Microsoft's licence fees have hobbled the IT industry.,novell microsoft sucked billion ceo jack messman tell conference crowd microsoft licence fee hobbled industry,4,Sci/Tech,3,Business
"FDA Approves Lens Implant to Sharpen Sight WASHINGTON - There's a new option for people who suffer from extreme nearsightedness, whose world loses its crisp edge just a few inches from their noses. The first implantable lens for nearsightedness was approved Monday by the Food and Drug Administration...",fda approves lens implant sharpen sight washington new option people suffer extreme nearsightedness whose world loses crisp edge inch nose first implantable lens nearsightedness approved monday food drug administration,1,World,4,Sci/Tech
"EU increases pressure for rights in Myanmar EU foreign ministers agreed Monday to tighten sanctions against Myanmar if it does not improve its human rights record by Oct. 8, when an EU meeting with Asian countries starts in Vietnam.",increase pressure right myanmar foreign minister agreed monday tighten sanction myanmar improve human right record oct meeting asian country start vietnam,3,Business,1,World
"Help wanted by IT services firms The growing services industry is hiring, but tech workers looking for a job may need to do more than brush up on their coding.",help wanted service firm growing service industry hiring tech worker looking job may need brush coding,4,Sci/Tech,3,Business
"Sun trims fourth-quarter earnings by \$12 million Sun Microsystems Inc. trimmed its fourth quarter and full-year 2004 results this week, to account for final accounting of asset retirement obligations and its settlement with Microsoft Corp.",sun trim fourth quarter earnings million sun microsystems inc trimmed fourth quarter full year result week account final accounting asset retirement obligation settlement microsoft corp,4,Sci/Tech,3,Business
"German investor confidence slumped in September BERLIN - German investor confidence dropped sharply in September, a key economic indicator released Tuesday showed amid concerns about the impact of high oil prices on consumer demand and the outlook for the global economy.",german investor confidence slumped september berlin german investor confidence dropped sharply september key economic indicator released tuesday showed amid concern impact high oil price consumer demand outlook global economy,1,World,3,Business
"Sony goes OLED with Japanese CLIE PEG-VZ90 Despite pulling out of the US and European markets, Sony #39;s CLIE line is still kicking in Japan, and is now kicking with an OLED display.",sony go oled japanese clie peg despite pulling european market sony clie line still kicking japan kicking oled display,4,Sci/Tech,3,Business
"Tyncastle sale gets official go ahead Of the votes received by proxy and from shareholders in the room at a stormy extraordinary general meeting last night, 62.5 were in favour of the resolution.",tyncastle sale get official ahead vote received proxy shareholder room stormy extraordinary general meeting last night favour resolution,2,Sports,3,Business
"IBM, LG Electronics to End Joint Venture International Business Machines Corp. and LG Electronics Inc. will end an eight-year alliance that helped expand the US computer maker #39;s presence in the booming South Korean PC market.",ibm electronics end joint venture international business machine corp electronics inc end eight year alliance helped expand computer maker presence booming south korean market,3,Business,4,Sci/Tech
Oracle 1Q Earnings Rise 16 Percent (AP) AP - Business software giant Oracle Corp. said Tuesday that first-quarter earnings rose 16 percent driven by new database license sales that rose 19 percent.,oracle earnings rise percent business software giant oracle corp said tuesday first quarter earnings rose percent driven new database license sale rose percent,4,Sci/Tech,3,Business
"LETTER FROM EUROPE The All-Too-Human Hitler, on Your Big Screen The release of a major movie about Hitler is, by definition, a remarkable event in Germany, especially if it portrays one of history #39;s great monsters as a human being, given ",letter europe human hitler big screen release major movie hitler definition remarkable event germany especially portrays one history great monster human given,1,World,4,Sci/Tech
"Sony Set to Exert Influence on Discs As the leader of the group that plans to buy Metro-Goldwyn-Mayer, Sony is poised to gain considerable power in its fight to set the format for the next generation of digital video discs.",sony set exert influence disc leader group plan buy metro goldwyn mayer sony poised gain considerable power fight set format next generation digital video disc,4,Sci/Tech,3,Business
"Study: 400K Fewer Tech Jobs Since 2001 The US information tech sector lost 403,300 jobs between March 2001 and this past April, and the market for tech workers remains bleak, according to a new report.",study fewer tech job since information tech sector lost job march past april market tech worker remains bleak according new report,3,Business,4,Sci/Tech
"Slowing population 'lacks funds' Rich countries are giving only half the amount they promised to help to slow world population growth, the UN says.",slowing population lack fund rich country giving half amount promised help slow world population growth say,4,Sci/Tech,3,Business
'Cities in crisis' leaders warn World leaders warn that rapid urbanisation will become one of the biggest challenges of the 21st Century.,city crisis leader warn world leader warn rapid urbanisation become one biggest challenge century,4,Sci/Tech,1,World
"HP Wins Defense Contract HP (Quote, Chart) was awarded a \$290 million, 10-year outsourcing contract with the Defense Logistics Agency #39;s (DLA) Enterprise Data Center (EDC) program, officials announced Wednesday.",win defense contract quote chart awarded million year outsourcing contract defense logistics agency dla enterprise data center edc program official announced wednesday,3,Business,4,Sci/Tech
"Midtier ERP Vendors Can Capitalize On Oracle Antitrust Verdict The door is open for Oracle to win its bid for PeopleSoft, and for midmarket ERP vendors to increase their business. By Elena Malykhina.",midtier erp vendor capitalize oracle antitrust verdict door open oracle win bid peoplesoft midmarket erp vendor increase business elena malykhina,4,Sci/Tech,3,Business
Infineon to Pay a Fine in the Fixing Of Chip Prices Federal prosecutors announced on Wednesday that they had cracked a global cartel that had illegally fixed prices of memory chips in personal computers and servers for ,infineon pay fine fixing chip price federal prosecutor announced wednesday cracked global cartel illegally fixed price memory chip personal computer server,3,Business,4,Sci/Tech
"Mexico Migrant Smugglers Turning to Sea (AP) AP - Migrant smugglers are skirting heightened security along the border by using small boats to shuttle people from the under-supervised Baja coast into Southern California marinas and harbors, already jammed with legal commercial ships and pleasure boat traffic.",mexico migrant smuggler turning sea migrant smuggler skirting heightened security along border using small boat shuttle people supervised baja coast southern california marina harbor already jammed legal commercial ship pleasure boat traffic,1,World,4,Sci/Tech
"Icing call Out of money, out of patience, out of time, and for the foreseeable future, out of business.",icing call money patience time foreseeable future business,2,Sports,3,Business
"Senate panel opposes overtime rules  A Senate committee voted yesterday to scuttle new rules that critics say would deny overtime pay to millions of workers, as Democrats won the latest round in their election-year bout with President Bush over the issue.",senate panel opposes overtime rule senate committee voted yesterday scuttle new rule critic say would deny overtime pay million worker democrat latest round election year bout president bush issue,3,Business,1,World
Infineon admits conspiracy in DRAM cartel GIANT MEMORY company Infineon will plead guilty to price fixing of DRAM chips and will pay \$160 million in fines to the US government.,infineon admits conspiracy dram cartel giant memory company infineon plead guilty price fixing dram chip pay million fine government,3,Business,4,Sci/Tech
"Netopia to Restate Results (Reuters) Reuters - Netopia Inc.  a maker of\networking gear, on Thursday said its auditor KPMG LLP\resigned, and said it will restate two years of results and\revise the results in its most recent fiscal quarter.",netopia restate result reuters reuters netopia inc maker networking gear thursday said auditor kpmg llp resigned said restate two year result revise result recent fiscal quarter,4,Sci/Tech,3,Business
"Czech Republic's Cell Operators Fined (AP) AP - All three cell phone operators in the Czech Republic were fined a total of  #36;1.7 million for breaching competition rules, officials said Thursday.",czech republic cell operator fined three cell phone operator czech republic fined total million breaching competition rule official said thursday,4,Sci/Tech,3,Business
"Hurricane Ivan Slams U.S. Gulf Coast Hurricane Ivan roared into the Gulf Coast near Mobile, Alabama, early this morning with peak winds exceeding 125 miles an hour (200 kilometers an hour).",hurricane ivan slam gulf coast hurricane ivan roared gulf coast near mobile alabama early morning peak wind exceeding mile hour kilometer hour,4,Sci/Tech,1,World
Nortel lowers expectations Nortel said it expects revenue for the third quarter to fall short of expectations.,nortel lower expectation nortel said expects revenue third quarter fall short expectation,4,Sci/Tech,3,Business
EU Wants U.S. Aid to Boeing Clarified (AP) AP - The European Union on Thursday demanded Washington explain more clearly how it subsidizes Boeing Co. and warned it would counter any U.S. challenge targeting EU rival Airbus SAS before the World Trade Organization.,want aid boeing clarified european union thursday demanded washington explain clearly subsidizes boeing warned would counter challenge targeting rival airbus sa world trade organization,1,World,3,Business
"Forecasters: More Hurricanes May Be on Way Ivan, Frances and Charley delivered three staggering blows to the Gulf Coast and Florida, as well as Caribbean island nations, all in just five weeks.",forecaster hurricane may way ivan france charley delivered three staggering blow gulf coast florida well caribbean island nation five week,4,Sci/Tech,3,Business
"Woods, Mickelson form dynamic US duo For three days, it had been about dinners, galas, black-tie affairs, and enough social engagements to please Paris Hilton.",wood mickelson form dynamic duo three day dinner gala black tie affair enough social engagement please paris hilton,2,Sports,1,World
Sandia Motor Speedway for Sale on eBay (AP) AP - And the race is off! Only 29 days and some odd hours left to place your bid on eBay to buy the Sandia Motor Speedway.,sandia motor speedway sale ebay race day odd hour left place bid ebay buy sandia motor speedway,4,Sci/Tech,2,Sports
Boxer Begs Bush to Back Bum Bill Members of California's congressional team make one last effort to look good for the tech industry back home.,boxer begs bush back bum bill member california congressional team make one last effort look good tech industry back home,3,Business,2,Sports
"Paralympics Open in Athens Nearly 4,000 disabled athletes are in Athens, Greece, for Friday night #39;s opening ceremony of the largest Paralympics in the games #39; 44-year history.",paralympics open athens nearly disabled athlete athens greece friday night opening ceremony largest paralympics game year history,2,Sports,1,World
"Florida, Alabama pick up the pieces after Ivan People in Florida and Alabama have started to clean up after hurricane Ivan - the third such pummelling for Florida alone in just five weeks.",florida alabama pick piece ivan people florida alabama started clean hurricane ivan third pummelling florida alone five week,3,Business,1,World
Ryder Cup: Europe close on victory Another good day at Oakland Hills sees Europe move 11-5 clear of the USA going into Sunday's Ryder Cup singles.,ryder cup europe close victory another good day oakland hill see europe move clear usa going sunday ryder cup single,1,World,2,Sports
EU transport chief hails Alitalia accord (AFP) AFP - EU transport and energy commissioner Loyola de Palacio hailed the accord reached between Alitalia management and staff on a major restructuring plan aimed at keeping the struggling airline in the air.,transport chief hail alitalia accord afp afp transport energy commissioner loyola palacio hailed accord reached alitalia management staff major restructuring plan aimed keeping struggling airline air,1,World,3,Business
VoIP becomes new option Jackson is one of the first to take advantage of Time Warner Cable #39;s new venture into Voice over Internet Provider (VoIP) telephone service here and she says it works great.,voip becomes new option jackson one first take advantage time warner cable new venture voice internet provider voip telephone service say work great,3,Business,4,Sci/Tech
Bush video awarded Turner Prize Artist Jeremy Deller wins this year's Turner Prize for a film about US President George Bush's home town.,bush video awarded turner prize artist jeremy deller win year turner prize film president george bush home town,1,World,4,Sci/Tech
"The battle for DR Congo's wildlife As donors pledge \$40m to save DR Congo's wildlife, life in Virunga Park remains a battle ground.",battle congo wildlife donor pledge save congo wildlife life virunga park remains battle ground,4,Sci/Tech,1,World
"Porn Processor Settles Deceptive-Billing Charges  WASHINGTON (Reuters) - A pornography bill-processing  company has agreed to forego \$17 million that it billed  computer users in order to settle deceptive-business charges,  the U.S. Federal Trade Commission said on Monday.",porn processor settle deceptive billing charge washington reuters pornography bill processing company agreed forego million billed computer user order settle deceptive business charge federal trade commission said monday,4,Sci/Tech,3,Business
"Rogers Wireless Whistles and Fido Responds Its official. Microcell Telecommunications Fido wireless service will be the new dog in Rogers Wireless Communications Canadian kennel, and that puppy wasnt cheap.",rogers wireless whistle fido responds official microcell telecommunication fido wireless service new dog rogers wireless communication canadian kennel puppy wasnt cheap,3,Business,4,Sci/Tech
Hyperion targets broader base New Essbase 7X is intended to draw customers beyond Hyperion's usual corporate-finance crowd.,hyperion target broader base new essbase intended draw customer beyond hyperion usual corporate finance crowd,4,Sci/Tech,3,Business
"AOL pushes into Internet shopping Looking for new ways to boost its revenue, America Online is launching an online shopping service that won #39;t require an AOL account to access.",aol push internet shopping looking new way boost revenue america online launching online shopping service require aol account access,3,Business,4,Sci/Tech
Bush Scraps Most U.S. Sanctions on Libya (Reuters) Reuters - President Bush on Monday formally\ended the U.S. trade embargo on Libya to reward it for giving\up weapons of mass destruction but left in place U.S.\terrorism-related sanctions.,bush scrap sanction libya reuters reuters president bush monday formally ended trade embargo libya reward giving weapon mass destruction left place terrorism related sanction,4,Sci/Tech,1,World
"Study: Wrecks Jump 3 Days After Terrorism Fatal traffic accidents increase sharply in Israel on the third day after a terrorist attack, and researchers are searching for an explanation why.",study wreck jump day terrorism fatal traffic accident increase sharply israel third day terrorist attack researcher searching explanation,4,Sci/Tech,1,World
"Clouds darken PeopleSoft conference SAN FRANCISCO -- PeopleSoft Inc. is trying to create a party-like atmosphere at its annual customer conference, but this week's gathering may feel more like a wake with rival Oracle Corp.'s \$7.7 billion takeover bid looming larger than ever.",cloud darken peoplesoft conference san francisco peoplesoft inc trying create party like atmosphere annual customer conference week gathering may feel like wake rival oracle corp billion takeover bid looming larger ever,3,Business,4,Sci/Tech
"Ask Jeeves retools search engine in bid to catch Google, Yahoo SAN FRANCISCO -- Hoping to emerge from the shadow of its more popular rivals, Ask Jeeves Inc. is adding new tools for visitors to save and organize links to Web pages they find through the company's online search engine.",ask jeeves retools search engine bid catch google yahoo san francisco hoping emerge shadow popular rival ask jeeves inc adding new tool visitor save organize link web page find company online search engine,3,Business,4,Sci/Tech
India seeks new TV bids The Indian Board re-opens the bidding for TV rights after Australian threaten to cancel their tour.,india seek new bid indian board open bidding right australian threaten cancel tour,1,World,2,Sports
"Stocks Close Higher on Brokerage Earnings NEW YORK - Stocks dashed higher Tuesday as investors welcomed strong earnings from financial services companies, upbeat economic data and some reassuring news from the Federal Reserve.    The Fed's decision to raise short-term interest rates by another quarter-percentage point to 1.75 percent did not come as a surprise to the market...",stock close higher brokerage earnings new york stock dashed higher tuesday investor welcomed strong earnings financial service company upbeat economic data reassuring news federal reserve fed decision raise short term interest rate another quarter percentage point percent come surprise market,1,World,3,Business
"PeopleSoft CEO Conway maintains defiant tone SEPTEMBER 21, 2004 (IDG NEWS SERVICE) - With 15,000 attendees at PeopleSoft Inc. #39;s Connect 2004 user show waiting to hear how the company would handle Oracle Corp.",peoplesoft ceo conway maintains defiant tone september idg news service attendee peoplesoft inc connect user show waiting hear company would handle oracle corp,3,Business,4,Sci/Tech
"Senate Panel Gives NASA Extra Money (AP) AP - NASA would get  #36;16.4 billion next year under a bill a Senate committee approved Tuesday, reversing a decision by House lawmakers to cut the space agency's budget below this year's levels.",senate panel give nasa extra money nasa would get billion next year bill senate committee approved tuesday reversing decision house lawmaker cut space agency budget year level,1,World,4,Sci/Tech
"Guilty Plea Seen in Computer Associates Case Steven Woghin, the former general counsel of Computer Associates, will plead guilty to criminal charges.",guilty plea seen computer associate case steven woghin former general counsel computer associate plead guilty criminal charge,3,Business,4,Sci/Tech
"Spread of GM grass raises fears of crossbreeding Pollen from a genetically modified grass was found 21 kilometres from where it was planted, scientists reported in a study published Tuesday, raising fears of transgenic crossbreeding.",spread grass raise fear crossbreeding pollen genetically modified grass found kilometre planted scientist reported study published tuesday raising fear transgenic crossbreeding,3,Business,4,Sci/Tech
"Washington chooses a stadium site for Expos The DC Sports and Entertainment Commission outlined its plans Tuesday night in a meeting with city government officials. An official involved in the process, speaking on condition of anonymity, told The Associated ",washington chooses stadium site expo sport entertainment commission outlined plan tuesday night meeting city government official official involved process speaking condition anonymity told associated,2,Sports,4,Sci/Tech
"Walking link to low dementia risk Walking may protect the elderly from developing dementia, research suggests.",walking link low dementia risk walking may protect elderly developing dementia research suggests,1,World,4,Sci/Tech
"Number of Kids on Antidepressants Drops Dramatically NEW YORK (AP) -- The number of children taking antidepressants has dropped dramatically since the Food and Drug Administration cautioned that the drugs can provoke suicidal behavior, according to a study.    Pharmacy benefit manager Medco Health Solutions found that the number of children taking antidepressants fell 18 percent in the first quarter and an additional 5 percent in the second quarter...",number kid antidepressant drop dramatically new york number child taking antidepressant dropped dramatically since food drug administration cautioned drug provoke suicidal behavior according study pharmacy benefit manager medco health solution found number child taking antidepressant fell percent first quarter additional percent second quarter,4,Sci/Tech,3,Business
"VZ Wireless Slams National 411 Directory WASHINGTON -- Verizon Wireless, the nation #39;s largest wireless carrier, clashed with other cellular carriers on Tuesday, telling a US Senate committee that a proposal for a national wireless telephone directory is a  quot;terrible idea quot; and that the proposal ",wireless slam national directory washington verizon wireless nation largest wireless carrier clashed cellular carrier tuesday telling senate committee proposal national wireless telephone directory quot terrible idea quot proposal,3,Business,4,Sci/Tech
"Saudi Arabia, Qatar, Kuwait still risky investments: study (AFP) AFP - Investing remains risky in Saudi Arabia, Qatar and Kuwait, notably because the presence of US forces in the region makes these countries vulnerable to terrorist attacks, a security consulting firm said.",saudi arabia qatar kuwait still risky investment study afp afp investing remains risky saudi arabia qatar kuwait notably presence force region make country vulnerable terrorist attack security consulting firm said,3,Business,1,World
"Something Positive in Zanu Pf BELIEVE it or not, I still have personal friends who are ardent Zanu PF supporters with whom I socialize now and then. With one of them however, our political differences were beginning to affect our personal relationship.",something positive zanu believe still personal friend ardent zanu supporter socialize one however political difference beginning affect personal relationship,1,World,2,Sports
"Attacks disrupt some credit card transactions Flood of data interrupts Authorize.net's credit card processing for Internet merchants, leaving the company scrambling.",attack disrupt credit card transaction flood data interrupt authorize net credit card processing internet merchant leaving company scrambling,4,Sci/Tech,3,Business
Job-Loss Panic Rises in Western Europe (AP) AP - Stephane Zervos first suspected his job was threatened when his bosses removed most of the heavy equipment from the car wheel factory where he'd worked for 24 years.,job loss panic rise western europe stephane zervos first suspected job threatened boss removed heavy equipment car wheel factory worked year,1,World,3,Business
"Deal in Congress to Keep Tax Cuts, Widening Deficit Republican and Democratic leaders agreed to extend \$150 billion worth of tax cuts sought by President Bush without trying to pay for them.",deal congress keep tax cut widening deficit republican democratic leader agreed extend billion worth tax cut sought president bush without trying pay,1,World,3,Business
Rumours surround Google browser The search giant Google is rumoured to be working on its own web browser.,rumour surround google browser search giant google rumoured working web browser,3,Business,4,Sci/Tech
"PeopleSoft Plays Defense The business software maker inks a deal with IBM, but it isn't likely to dissuade Oracle.",peoplesoft play defense business software maker ink deal ibm likely dissuade oracle,3,Business,4,Sci/Tech
"Computer Associates exec pleads not guilty Sanjay Kumar, the former chief executive of Computer Associates of Islandia, NY, pleaded innocent Thursday to charges he helped inflate financial results.",computer associate exec pleads guilty sanjay kumar former chief executive computer associate islandia pleaded innocent thursday charge helped inflate financial result,3,Business,4,Sci/Tech
Mass. court denies new trial for convict BOSTON -- The state appeals court on Thursday declined to allow a new trial for a father convicted of beating a man to death at their sons #39; hockey practice.,mass court denies new trial convict boston state appeal court thursday declined allow new trial father convicted beating man death son hockey practice,2,Sports,1,World
Islands press Govt to reverse phone call decision Diplomats from a number of islands in the South Pacific are reported to be pressing the Government to reverse a decision to block all phone calls made to the islands.,island press govt reverse phone call decision diplomat number island south pacific reported pressing government reverse decision block phone call made island,4,Sci/Tech,1,World
"Dogs said to smell cancer signs  LONDON -- It has long been suspected that man's best friend has a special ability to sense when something is wrong with us. Now, the first experiment to verify that scientifically has demonstrated that dogs are able to smell cancer.",dog said smell cancer sign london long suspected man best friend special ability sense something wrong first experiment verify scientifically demonstrated dog able smell cancer,1,World,4,Sci/Tech
Baby for ovary transplant woman A Belgian cancer patient made infertile by chemotherapy has given birth following revolutionary treatment.,baby ovary transplant woman belgian cancer patient made infertile chemotherapy given birth following revolutionary treatment,4,Sci/Tech,1,World
"Strikes at London airports London - A 48-hour strike by aircraft refuellers at London Heathrow airport got under way on Friday, with baggage handlers at Gatwick airport also preparing to walk out, threatening a weekend of travel disruptions.",strike london airport london hour strike aircraft refuellers london heathrow airport got way friday baggage handler gatwick airport also preparing walk threatening weekend travel disruption,3,Business,1,World
Airbus drops out of Microsoft appeal Aircraft builder withdraws its request to intervene in Microsoft's antitrust appeal; Boeing also forgoes intervention.,airbus drop microsoft appeal aircraft builder withdraws request intervene microsoft antitrust appeal boeing also forgoes intervention,4,Sci/Tech,3,Business
"Mom Hugs 'Miracle' Baby After Ovarian Transplant (Reuters) Reuters - Ouarda Touirat, her day-old baby\daughter nestling in her arms, said Friday she had never lost\hope that she could conceive after cancer treatment left her\infertile.",mom hug miracle baby ovarian transplant reuters reuters ouarda touirat day old baby daughter nestling arm said friday never lost hope could conceive cancer treatment left infertile,4,Sci/Tech,1,World
"Calvin Murphy removed as Rockets broadcaster Murphy will go to trial Nov. 4 on charges he molested his daughters, a state district judge said Tuesday. Murphy is charged with three counts of indecency with a child and three counts of aggravated sexual assault, punishable by up to life in prison.",calvin murphy removed rocket broadcaster murphy trial nov charge molested daughter state district judge said tuesday murphy charged three count indecency child three count aggravated sexual assault punishable life prison,2,Sports,1,World
"Locusts Encroach on West African Rice-Growing Area (Reuters) Reuters - West Africa's worst locust plague for 15\years has encroached on one of the region's largest\rice-growing areas, authorities in Mali said on Friday.",locust encroach west african rice growing area reuters reuters west africa worst locust plague year encroached one region largest rice growing area authority mali said friday,4,Sci/Tech,1,World
"Calif. OKs World's Toughest Smog Rules LOS ANGELES - California air regulators Friday unanimously approved the world's most stringent rules to reduce auto emissions that contribute to global warming - a move that could affect car and truck buyers from coast to coast.    Under the regulations, the auto industry must cut exhaust from cars and light trucks by 25 percent and from larger trucks and sport utility vehicles by 18 percent...",calif ok world toughest smog rule los angeles california air regulator friday unanimously approved world stringent rule reduce auto emission contribute global warming move could affect car truck buyer coast coast regulation auto industry must cut exhaust car light truck percent larger truck sport utility vehicle percent,1,World,3,Business
"San Diego fiscally sound, mayor says SAN DIEGO - In the wake of another downgrading of San Diego #39;s credit rating, Mayor Dick Murphy today reassured the public that the city is fiscally sound.",san diego fiscally sound mayor say san diego wake another downgrading san diego credit rating mayor dick murphy today reassured public city fiscally sound,3,Business,2,Sports
"Scientist Ramanna mourned BOMBAY: Raja Ramanna, the scientist who pioneered India #39;s drive to become a nuclear power, died yesterday in Bombay at age 79.",scientist ramanna mourned bombay raja ramanna scientist pioneered india drive become nuclear power died yesterday bombay age,1,World,4,Sci/Tech
"Dodgers Nip Giants 3-2 in Crucial Series SAN FRANCISCO - Shawn Green can sit out Saturday knowing he was a huge help to the Dodgers during their crucial series against San Francisco. Green hit a two-run homer in Los Angeles' 3-2 victory over the Giants on Friday night, a day before the first baseman will miss a game to observe the Jewish holiday Yom Kippur...",dodger nip giant crucial series san francisco shawn green sit saturday knowing huge help dodger crucial series san francisco green hit two run homer los angeles victory giant friday night day first baseman miss game observe jewish holiday yom kippur,1,World,2,Sports
"Men, Women More Different Than Thought CHICAGO - Beyond the tired cliches and sperm-and-egg basics taught in grade school science class, researchers are discovering that men and women are even more different than anyone realized.    It turns out that major illnesses like heart disease and lung cancer are influenced by gender and that perhaps treatments for women ought to be slightly different from the approach used for men...",men woman different thought chicago beyond tired cliche sperm egg basic taught grade school science class researcher discovering men woman even different anyone realized turn major illness like heart disease lung cancer influenced gender perhaps treatment woman ought slightly different approach used men,1,World,4,Sci/Tech
"Robby Gordon Planning to Proceed With Caution Robby Gordon plans to join the oil spills, the tire chunks, the sharp pieces of debris and the other typical racetrack hazards on Sunday.",robby gordon planning proceed caution robby gordon plan join oil spill tire chunk sharp piece debris typical racetrack hazard sunday,2,Sports,4,Sci/Tech
"Cricket swings to Calypso once again From the time you touch down in the British Isles, you get an overwhelming sense of grey. The skies are almost always leaden, the clothes people wear are generally either black or neutral shades guaranteed ",cricket swing calypso time touch british isle get overwhelming sense grey sky almost always leaden clothes people wear generally either black neutral shade guaranteed,2,Sports,3,Business
"Soldiers' War Blogs Detail Life in Iraq Iraq war blogs are as varied as the soldiers who write them. Some sites feature practical news, war pictures and advice. Some are overtly political, with more slanting to the right than to the left. Some question the war, some cheer it.",soldier war blog detail life iraq iraq war blog varied soldier write site feature practical news war picture advice overtly political slanting right left question war cheer,4,Sci/Tech,1,World
A wandering Congress trips over the US Constitution That is the one-word message of advice that citizens wanted to send to members of Congress at the end of last week. Both the House of Representatives and the Senate looked as if they are having trouble seizing ,wandering congress trip constitution one word message advice citizen wanted send member congress end last week house representative senate looked trouble seizing,3,Business,1,World
"Adobe updates RAW plug-in with digital negative format Adobe has updated Photoshop #39;s support for digital cameras #39; RAW image formats. The new plug-in adds to the number of camera models supported and includes a utility for converting images into the DNG, digital negative format.",adobe update raw plug digital negative format adobe updated photoshop support digital camera raw image format new plug add number camera model supported includes utility converting image dng digital negative format,3,Business,4,Sci/Tech
"Kill The Poor I've been a soup van volunteer for three months plus a couple of weeks. I've also been casually mentioning this example of my beneficence in everyday conversation for about the same length of time. I use this particular phrasing, rather than ""I work on a soup van"", because what I'm trying to emphasise is that I didn't take it up lightly or gingerly. In the beginning, I didn't know exactly how it would turn out, but I did know that I wanted to be good. Between then and now, an awful lot became clear.",kill poor soup van volunteer three month plus couple week also casually mentioning example beneficence everyday conversation length time use particular phrasing rather work soup van trying emphasise take lightly gingerly beginning know exactly would turn know wanted good awful lot became clear,4,Sci/Tech,2,Sports
SC to hear Zee petition tommorrow Five judges of the top court will hear a petition filed by Zee Telefilms on Tuesday. A three-judge panel of the Supreme Court said a five-judge bench would hear the dispute that threatens the rights of India #39;s ,hear zee petition tommorrow five judge top court hear petition filed zee telefilm tuesday three judge panel supreme court said five judge bench would hear dispute threatens right india,2,Sports,1,World
"Sports Court Hears Hamm Gold Medal Appeal LAUSANNE, Switzerland - Paul Hamm appeared before the sports world's highest court Monday to argue why he should he keep his Olympic gymnastics gold medal.    The Court of Arbitration for Sport convened to hear the appeal from a South Korean gymnast who believes he was unfairly deprived of the gold in the men's all-around event in Athens last month because of a scoring error...",sport court hears hamm gold medal appeal lausanne switzerland paul hamm appeared sport world highest court monday argue keep olympic gymnastics gold medal court arbitration sport convened hear appeal south korean gymnast belief unfairly deprived gold men around event athens last month scoring error,1,World,2,Sports
"Holiday Stamps to Be Issued in Oct. (AP) AP - Holiday postage stamps celebrating Christmas, Hanukkah and Kwanzaa will be issued next month, the U.S. Postal Service announced Monday.",holiday stamp issued oct holiday postage stamp celebrating christmas hanukkah kwanzaa issued next month postal service announced monday,1,World,3,Business
"Dell, AOL team up in schools initiative ROUND ROCK, Texas -- Dell Inc. and America Online Inc. announced a partnership Monday to provide 5,000 low-income students with free refurbished personal computers and a year #39;s worth of Internet access.",dell aol team school initiative round rock texas dell inc america online inc announced partnership monday provide low income student free refurbished personal computer year worth internet access,3,Business,4,Sci/Tech
"Embattled Mortgage Giant Agrees to Meet New Standards Fannie Mae agreed to keep more cash on hand while it corrects accounting problems, a U.S. regulator said.",embattled mortgage giant agrees meet new standard fannie mae agreed keep cash hand corrects accounting problem regulator said,1,World,3,Business
"Cowboys Defeat Redskins 21-18 LANDOVER, Md. - Bill Parcells celebrated the touchdown with a big smile and his fist thrust high in the air...",cowboy defeat redskin landover bill parcells celebrated touchdown big smile fist thrust high air,1,World,2,Sports
"Gas prices up 5 cents after Hurricane Ivan CAMARILLO, Calif. - Gas prices jumped more than 5 cents a gallon in the past two weeks, largely because of supply problems related to Hurricane Ivan, an industry analyst said.",gas price cent hurricane ivan camarillo calif gas price jumped cent gallon past two week largely supply problem related hurricane ivan industry analyst said,4,Sci/Tech,3,Business
"Nigerian oil flows despite rebel threat-companies Oil should continue to flow from Nigeria, the world #39;s seventh largest exporter, despite a rebel threat to attack foreign oil workers in an  quot;all-out war quot; due to start on Friday, multinational energy companies said.",nigerian oil flow despite rebel threat company oil continue flow nigeria world seventh largest exporter despite rebel threat attack foreign oil worker quot war quot due start friday multinational energy company said,1,World,3,Business
"Consumer Confidence Dips in September NEW YORK - Job worries helped push consumer confidence down in September for the second consecutive month, a New York-based private research group said Tuesday.    The Consumer Confidence Index fell 1.9 points to 96.8 from a revised reading of 98.7 in August, according to The Conference Board...",consumer confidence dip september new york job worry helped push consumer confidence september second consecutive month new york based private research group said tuesday consumer confidence index fell point revised reading august according conference board,1,World,3,Business
"Virgin Starts (70) Mile-High Club With the misery that has plagued the airline industry recently, the last place you #39;d expect to see some inspiring -- heck, potentially rule-breaking -- thinking would be from an airline entrepreneur.",virgin start mile high club misery plagued airline industry recently last place expect see inspiring heck potentially rule breaking thinking would airline entrepreneur,4,Sci/Tech,3,Business
"Cendant Near Deal to Buy Orbitz for  #36;1.2 Bln-Source (Reuters) Reuters - Travel and real estate company\Cendant Corp.  is close to an agreement to buy online\travel site Orbitz Inc.  for about  #36;1.2 billion in\cash, a source close to the talks said on Tuesday.",cendant near deal buy orbitz bln source reuters reuters travel real estate company cendant corp close agreement buy online travel site orbitz inc billion cash source close talk said tuesday,4,Sci/Tech,3,Business
Amazon sues spammers for misleading consumers SEATTLE -- Amazon.com has filed three lawsuits in King County Superior Court against unidentified defendants who allegedly forged e-mails and Web sites to fool consumers into thinking they are doing business with the Internet retailer.,amazon sue spammer misleading consumer seattle amazon com filed three lawsuit king county superior court unidentified defendant allegedly forged mail web site fool consumer thinking business internet retailer,3,Business,4,Sci/Tech
"Official: MLB to Move Expos to Washington WASHINGTON - Major League Baseball will announce Wednesday that Washington will be the new home of the Montreal Expos, bringing the national pastime back to the nation's capital for the first time in 33 years, The Associated Press has learned.    A city official, speaking on condition of anonymity, said Washington has been notified by Major League Baseball of the impending announcement...",official mlb move expo washington washington major league baseball announce wednesday washington new home montreal expo bringing national pastime back nation capital first time year associated press learned city official speaking condition anonymity said washington notified major league baseball impending announcement,1,World,2,Sports
"BlueGene sneaks past Earth Simulator The Earth Simulator, an NEC supercomputer, is surpassed, at last. IBM announced yesterday that its Blue Gene/L supercomputer had achieved a sustained performance of 36.",bluegene sneak past earth simulator earth simulator nec supercomputer surpassed last ibm announced yesterday blue gene supercomputer achieved sustained performance,3,Business,4,Sci/Tech
Cricket: Dubai global academy The International Cricket Council are to open a global cricket academy designed to improve standards of lesser nations.,cricket dubai global academy international cricket council open global cricket academy designed improve standard lesser nation,1,World,2,Sports
Travelzoo Shares Rise as Offering Rumor Fades (Reuters) Reuters - Shares of Internet travel site\Travelzoo Inc.  rose nearly 4 percent on Wednesday as\market rumors of a secondary stock offering faded.,travelzoo share rise offering rumor fade reuters reuters share internet travel site travelzoo inc rose nearly percent wednesday market rumor secondary stock offering faded,4,Sci/Tech,3,Business
"Colombia back in business, needs reforms-Uribe Colombia is back in business and the Andean country has ample room for growth backed by aggressive and transparent government policies but with some challenges ",colombia back business need reform uribe colombia back business andean country ample room growth backed aggressive transparent government policy challenge,3,Business,1,World
I.B.M. Agrees to Settle Part of Giant Pension Case I.B.M. said that it had agreed to pay \$320 million to its employees to settle in part a class-action lawsuit over its pension plan.,agrees settle part giant pension case said agreed pay million employee settle part class action lawsuit pension plan,4,Sci/Tech,3,Business
"Immunity in Ebbers Case Opposed in U.S. Filing NEW YORK, Sept. 29 -- Federal prosecutors told a judge in a filing late Tuesday night that they have evidence that former WorldCom Inc. chief executive Bernard J. Ebbers knew company officials had improperly tinkered with the telecommunications firm's accounting to boost its publicly reported profits.",immunity ebbers case opposed filing new york sept federal prosecutor told judge filing late tuesday night evidence former worldcom inc chief executive bernard ebbers knew company official improperly tinkered telecommunication firm accounting boost publicly reported profit,4,Sci/Tech,3,Business
"Microsoft, Amazon to combine forces Individually theyve been unstoppable in their respective industries. Theyre both legends that have survived the dot com burst and came out winners.",microsoft amazon combine force individually theyve unstoppable respective industry theyre legend survived dot com burst came winner,4,Sci/Tech,3,Business
"Poor? Who #39;s poor? Poverty is down The proportion of people living on less than \$1 a day decreased from 40 to 21 per cent of the global population between 1981 and 2001, says the World Bank #39;s latest annual report.",poor poor poverty proportion people living less day decreased per cent global population say world bank latest annual report,1,World,3,Business
"IBM Claims Its BlueGene Supercomputer Is the Fastest IBM Corp. on Wednesday said it has developed the world #39;s fastest computer - a 16,000-processor version of its BlueGene/L supercomputer.",ibm claim bluegene supercomputer fastest ibm corp wednesday said developed world fastest computer processor version bluegene supercomputer,3,Business,4,Sci/Tech
"Man arrested for fatally stabbing elderly parents SAITAMA -- A middle-aged man who fatally stabbed his parents has been arrested, police said. Hideo Nakajima, an unemployed man from Soka, Saitama Prefecture, apparently called police shortly before 8 pm, Wednesday.",man arrested fatally stabbing elderly parent saitama middle aged man fatally stabbed parent arrested police said hideo nakajima unemployed man soka saitama prefecture apparently called police shortly wednesday,4,Sci/Tech,1,World
"Tough Talks Ahead After EU Is Criticized Efforts to forge the world's largest free trade zone between the European Union and South America's Mercosur economic bloc are unlikely to be concluded by an Oct. 31 deadline, the EU said Thursday, with both sides declaring each other's trade offers insufficient.",tough talk ahead criticized effort forge world largest free trade zone european union south america mercosur economic bloc unlikely concluded oct deadline said thursday side declaring trade offer insufficient,1,World,3,Business
"Pharma Groups Work on EPC Issues Sept. 30, 2004Reacting to calls from pharmaceutical retailers, distributors and manufacturers, EPCglobal has added a new action group to specifically study the pharmaceutical industry ",pharma group work epc issue sept reacting call pharmaceutical retailer distributor manufacturer epcglobal added new action group specifically study pharmaceutical industry,4,Sci/Tech,3,Business
"August Chip Sales Growth Slows on High Inventory  SAN FRANCISCO (Reuters) - Global semiconductor sales growth  slowed to 1 percent in August as electronics makers reacted to  growing inventories in Asia by limiting orders of chips, an  industry trade group said on Thursday.",august chip sale growth slows high inventory san francisco reuters global semiconductor sale growth slowed percent august electronics maker reacted growing inventory asia limiting order chip industry trade group said thursday,4,Sci/Tech,3,Business
"Hasbro's No Conehead Its Saturday Night Live version of ""Trivial Pursuit"" is good strategy for staying ahead of age compression.",hasbro conehead saturday night live version trivial pursuit good strategy staying ahead age compression,3,Business,2,Sports
"Opportunity Rings (Forbes.com) Forbes.com - This past summer 25,000 consumers, aged 18 to 24, received short text messages on their cell phones alerting them to numbers on 225 million bottle caps of Snapple iced tea, pink lemonade and the like. People holding a winning number, announced by text message and traditional media, landed overseas trips and walk-on parts on TV shows.",opportunity ring forbes com forbes com past summer consumer aged received short text message cell phone alerting number million bottle cap snapple iced tea pink lemonade like people holding winning number announced text message traditional medium landed overseas trip walk part show,4,Sci/Tech,3,Business
"Singer: Minaya returns home NEW YORK -- Omar Minaya stood behind a small lectern in a danky room in the bowels of Shea Stadium, and allowed his life to flash before his eyes.",singer minaya return home new york omar minaya stood behind small lectern danky room bowel shea stadium allowed life flash eye,2,Sports,1,World
"Dare you fight the possessed tomatoes? Quirky, stick-figure ""Kingdom of Loathing"" shows continued promise of independent game-writing.",dare fight possessed tomato quirky stick figure kingdom loathing show continued promise independent game writing,4,Sci/Tech,1,World
"Netflix, TiVo sign VoD alliance Netflix, the online DVD rental company, and TiVo yesterday said they will work together to deliver movies digitally down the wires, presumably specifically to the latter #39;s PVR equipment.",netflix tivo sign vod alliance netflix online dvd rental company tivo yesterday said work together deliver movie digitally wire presumably specifically latter pvr equipment,3,Business,4,Sci/Tech
"EU Accuses Microsoft of Paternal View Microsoft Corp. said Friday that small companies and their customers would suffer most if it is forced to remove its digital media software from Windows, while the European Union accused it of being ""paternalistic"" in trying to decide what's best for everyone.",accuses microsoft paternal view microsoft corp said friday small company customer would suffer forced remove digital medium software window european union accused paternalistic trying decide best everyone,4,Sci/Tech,3,Business
"Siemens in 2.69bn deal with BBC German industrial giant Siemens has signed a 2.69bn contract to deliver technology services around the world to the BBC, a deal that will see it acquire the broadcasters technology subsidiary.",siemens deal bbc german industrial giant siemens signed contract deliver technology service around world bbc deal see acquire broadcaster technology subsidiary,3,Business,4,Sci/Tech
"Hewlett-Packard buys Synstar Palo Alto-based Hewlett-Packard Co. has bought IT services company Synstar plc, of Bracknell, England for about \$293.3 million. Synstar has some 1,500 customers across Europe, selling IT support for various computer platforms.",hewlett packard buy synstar palo alto based hewlett packard bought service company synstar plc bracknell england million synstar customer across europe selling support various computer platform,3,Business,4,Sci/Tech
"Stocks Climb on Strong Economic Data NEW YORK - Newly optimistic investors sent stocks sharply higher Friday, propelling the Dow Jones industrials up more than 100 points, after economic data showed strength in manufacturing and construction. Wall Street greeted the departure of PeopleSoft Inc.'s chief executive by buying up technology shares...",stock climb strong economic data new york newly optimistic investor sent stock sharply higher friday propelling dow jones industrials point economic data showed strength manufacturing construction wall street greeted departure peoplesoft inc chief executive buying technology share,1,World,3,Business
Bangkok animal trade talks open The rules controlling the trade in many at-risk wildlife species may change at a Bangkok meeting starting on Saturday. The 166 member states of the Convention on International Trade in Endangered Species of ,bangkok animal trade talk open rule controlling trade many risk wildlife specie may change bangkok meeting starting saturday member state convention international trade endangered specie,1,World,4,Sci/Tech
"The C.E.O. Vanishes, and Other Mysteries Why did PeopleSoft, in the midst of a takeover fight with Oracle, fire its chief executive and president? Who knows? And that's a problem.",vanishes mystery peoplesoft midst takeover fight oracle fire chief executive president know problem,4,Sci/Tech,3,Business
"Lucent's history a case study in wild rides If you've ever wondered what ignited America's late-1990s obsession with telecom and tech stocks, you could well argue it all started with Lucent Technologies .",lucent history case study wild ride ever wondered ignited america late obsession telecom tech stock could well argue started lucent technology,3,Business,4,Sci/Tech
"Mobile phone network reaches last of China's ethnic minorities (AFP) AFP - China has brought its mobile phone network to the last of its ethnic minority regions previously cut off from communication with the outside world, state media reported.",mobile phone network reach last china ethnic minority afp afp china brought mobile phone network last ethnic minority region previously cut communication outside world state medium reported,4,Sci/Tech,1,World
"Nikkei Opens Higher (Reuters) Reuters - The Nikkei average rose 1.37 percent at\the opening on Monday as a recovery in U.S. stocks encouraged\investors to seek bargains among lagging issues, including\Canon Inc. and other high-tech issues.",nikkei open higher reuters reuters nikkei average rose percent opening monday recovery stock encouraged investor seek bargain among lagging issue including canon inc high tech issue,1,World,3,Business
US football: Patriots' historic win New England win a record-tying 18th straight game - plus an NFL round-up.,football patriot historic win new england win record tying straight game plus nfl round,1,World,2,Sports
Brewers buyer expected to step out of the shadows Monday MILWAUKEE - Paul Attanasio says the story of his brother buying a baseball team is like a script straight out of Hollywood. He should know.,brewer buyer expected step shadow monday milwaukee paul attanasio say story brother buying baseball team like script straight hollywood know,3,Business,2,Sports
"Tokyo Stocks Finish 2.6 Percent Higher (AP) AP - Tokyo stocks finished sharply higher Monday, fueled by Wall Street's gains last week. The U.S. dollar was higher against the Japanese yen.",tokyo stock finish percent higher tokyo stock finished sharply higher monday fueled wall street gain last week dollar higher japanese yen,1,World,3,Business
"Fable; Nascar 2005: Chase For The Cup Fable comes with a big reputation behind it -- it was developed by Peter Molyneux, creator of such involved, engrossing games as Populous and Black and White.",fable nascar chase cup fable come big reputation behind developed peter molyneux creator involved engrossing game populous black white,4,Sci/Tech,2,Sports
EU Pursues Oracle-PeopleSoft Case (AP) AP - European Union regulators suggested Monday they are not bound by a U.S. decision to allow Oracle Corp. to pursue its  #36;7.7 billion bid for rival business software maker PeopleSoft Inc. and are continuing to collect data on the deal.,pursues oracle peoplesoft case european union regulator suggested monday bound decision allow oracle corp pursue billion bid rival business software maker peoplesoft inc continuing collect data deal,4,Sci/Tech,3,Business
"SBC links e-mail, voice messages, fax SBC on Monday announced a new service that integrates voice messages, faxes and e-mails into a single mailbox that can be accessed from anywhere by phone or the Internet.",sbc link mail voice message fax sbc monday announced new service integrates voice message fax mail single mailbox accessed anywhere phone internet,3,Business,4,Sci/Tech
OPM Delving Deeper Into Employees #39; Backgrounds which sets hiring and employment standards for the government -- is reviewing its employees to ensure that they are suitable for jobs involving the  quot;public trust.,opm delving deeper employee background set hiring employment standard government reviewing employee ensure suitable job involving quot public trust,4,Sci/Tech,3,Business
"Navy streamlines NMCI contract Officials at the Navy and contractor EDS said they have reached an agreement to revise performance measurements on the Navy Marine Corps Intranet contract, which EDS called a critical step toward billing NMCI seats on a 100 percent basis.",navy streamlines nmci contract official navy contractor ed said reached agreement revise performance measurement navy marine corp intranet contract ed called critical step toward billing nmci seat percent basis,4,Sci/Tech,3,Business
"Taking Advantage of the Terminally Stupid Would you pay \$4 for something that, at best, is worth a dime? Concord Communications shareholders would.",taking advantage terminally stupid would pay something best worth dime concord communication shareholder would,3,Business,4,Sci/Tech
"PeopleSoft down on testimony, forecast Investors react to a disappointing earnings projection and to testimony that dampens hopes of negotiations with Oracle.",peoplesoft testimony forecast investor react disappointing earnings projection testimony dampens hope negotiation oracle,4,Sci/Tech,3,Business
"New Siebel Chief Outlines Chapter 2 For CRM Vendor After 10 years of focusing on product development and delivery, CEO Michael Lawrie says Siebel had to recognize that technology is only one part of the CRM equation.",new siebel chief outline chapter crm vendor year focusing product development delivery ceo michael lawrie say siebel recognize technology one part crm equation,3,Business,4,Sci/Tech
"Gordon Cooper, NASA Mercury Pioneer, Dies LOS ANGELES - Gordon Cooper, who was the youngest and perhaps cockiest member of the original Mercury astronauts and set the space endurance record that helped clear the way for the first moon landing, has died. He was 77...",gordon cooper nasa mercury pioneer dy los angeles gordon cooper youngest perhaps cockiest member original mercury astronaut set space endurance record helped clear way first moon landing died,1,World,4,Sci/Tech
"Feds kick off digital TV consumer campaign WASHINGTON - It #39;s one of the biggest technical changes in television since color TV: the digital transition. And because many Americans remain in the dark about it, federal regulators began an education campaign Monday to enlighten them.",fed kick digital consumer campaign washington one biggest technical change television since color digital transition many american remain dark federal regulator began education campaign monday enlighten,3,Business,4,Sci/Tech
"Russia May Ratify Kyoto Protocol in Oct. -- Minister (Reuters) Reuters - The Russian government expects\parliament to ratify the Kyoto Protocol this month in a move\allowing the long-delayed climate change treaty to come into\force worldwide, a senior minister said Monday.",russia may ratify kyoto protocol oct minister reuters reuters russian government expects parliament ratify kyoto protocol month move allowing long delayed climate change treaty come force worldwide senior minister said monday,4,Sci/Tech,1,World
webcrawler: A9.com is cool NOW heres something else thats off the mind. Theres no more need to make mental or computer notes while searching the Internet.,webcrawler com cool here something else thats mind there need make mental computer note searching internet,3,Business,4,Sci/Tech
Tennis: Night final for Aus Open The centenary Australian Open will be the first Grand Slam event to stage its final at night.,tennis night final au open centenary australian open first grand slam event stage final night,1,World,2,Sports
"FEC Wants Campaign Finance Decision Stayed (AP) AP - Federal election officials have asked a judge to stay a ruling striking down several government regulations on political fund raising, arguing that rules interpreting the nation's campaign finance law are crucial as the election approaches.",fec want campaign finance decision stayed federal election official asked judge stay ruling striking several government regulation political fund raising arguing rule interpreting nation campaign finance law crucial election approach,1,World,3,Business
Chip and PC Stocks Mixed on Warnings Semiconductor stocks were mixed Tuesday after Advanced Micro Devices Inc. warned quarterly revenue would be lower than expected due to sluggish sales of flash memory chips used in mobile phones and other devices.,chip stock mixed warning semiconductor stock mixed tuesday advanced micro device inc warned quarterly revenue would lower expected due sluggish sale flash memory chip used mobile phone device,3,Business,4,Sci/Tech
"PeopleSoft CEO Ousted for  #39;Situational Ethics #39; AccountingWEB.com - October 06, 2004 - The opening of a trial related to Oracle #39;s takeover bid of PeopleSoft featured the revelation that CEO Craig Conway was fired last week for making misleading statements about PeopleSoft #39;s sales.",peoplesoft ceo ousted situational ethic accountingweb com october opening trial related oracle takeover bid peoplesoft featured revelation ceo craig conway fired last week making misleading statement peoplesoft sale,3,Business,4,Sci/Tech
"On average, quarter was a loser (USATODAY.com) USATODAY.com - In the great race between stock mutual funds and the mattress, the mattress won.",average quarter loser usatoday com usatoday com great race stock mutual fund mattress mattress,3,Business,4,Sci/Tech
How to take the perfect penalty A sports psychologist says how footballers should prepare themselves for the high-pressure penalties.,take perfect penalty sport psychologist say footballer prepare high pressure penalty,4,Sci/Tech,2,Sports
"CA to buy Netegrity for \$430 million com October 6, 2004, 7:36 AM PT. This fourth priority #39;s main focus has been improving or obtaining CRM and ERP software for the past year and a half.",buy netegrity million com october fourth priority main focus improving obtaining crm erp software past year half,3,Business,4,Sci/Tech
"Investors weigh effect of oil prices NEW YORK Another rise in oil prices is putting some pressure on stocks, which are mixed. The Dow Jones industrial average is down 12 points at ten-thousand-165.",investor weigh effect oil price new york another rise oil price putting pressure stock mixed dow jones industrial average point ten thousand,3,Business,1,World
Qatar Defense Show Focuses on Videogame Technology  DOHA (Reuters) - Rick Bracewell is driving through Baghdad  when gunmen open fire. Then a nearby dead dog strapped with  explosives blows up and his vehicle goes up in flames.,qatar defense show focus videogame technology doha reuters rick bracewell driving baghdad gunman open fire nearby dead dog strapped explosive blow vehicle go flame,4,Sci/Tech,1,World
"Stern to Join Sirius Satellite Radio NEW YORK - Howard Stern has long had two words for the Federal Communications Commission - and in 15 months, he can finally utter them on the air.    The self-proclaimed ""King of All Media,"" perhaps the most influential radio voice of the last 20 years, is shifting his salacious act to satellite radio and freeing himself from the increasingly harsh glare of federal regulators...",stern join sirius satellite radio new york howard stern long two word federal communication commission month finally utter air self proclaimed king medium perhaps influential radio voice last year shifting salacious act satellite radio freeing increasingly harsh glare federal regulator,1,World,3,Business
"Ex-Bush Official on Cybersecurity Returns (AP) AP - Howard Schmidt, a highly regarded technology executive who was former special adviser to President Bush for cybersecurity, is returning to work with the Homeland Security Department on efforts to protect the nation's computer networks.",bush official cybersecurity return howard schmidt highly regarded technology executive former special adviser president bush cybersecurity returning work homeland security department effort protect nation computer network,1,World,4,Sci/Tech
"Howard Stern Says He Plans to Jump to Satellite Radio After heavy F.C.C. fines, Howard Stern expects to deliver ""my show my way"" in the mostly unregulated medium.",howard stern say plan jump satellite radio heavy fine howard stern expects deliver show way mostly unregulated medium,1,World,3,Business
"34 tech firms sued for alleged LCD patent theft Honeywell has issued lawsuits against 34 companies, including Dell, Apple, Sony and Toshiba alleging LCD panels used in their products infringe a 1992 patent the company holds.",tech firm sued alleged lcd patent theft honeywell issued lawsuit company including dell apple sony toshiba alleging lcd panel used product infringe patent company hold,3,Business,4,Sci/Tech
"Unisys to lay off 1,400 workers Unisys Corp. plans to cut 1,400 jobs, primarily in general and administrative areas, and consolidate its office space worldwide, it announced Wednesday. The cuts represent 3.8 percent of the company's staff of 37,000.",unisys lay worker unisys corp plan cut job primarily general administrative area consolidate office space worldwide announced wednesday cut represent percent company staff,4,Sci/Tech,3,Business
"Nintendo to Unveil Handheld Upgrade Facing its biggest threat ever from the arrival of Sony Corp. in the portable video-game machine market, Japanese game-maker Nintendo Co.",nintendo unveil handheld upgrade facing biggest threat ever arrival sony corp portable video game machine market japanese game maker nintendo,3,Business,4,Sci/Tech
"Fujitsu Siemens profit grows 60 percent Fujitsu Siemens Computers (Holding) BV, Europe #39;s largest remaining computer manufacturer, posted a 60 percent leap in profit for the first half of its fiscal year on higher sales of laptops and servers to business customers, the company said Wednesday.",fujitsu siemens profit grows percent fujitsu siemens computer holding europe largest remaining computer manufacturer posted percent leap profit first half fiscal year higher sale laptop server business customer company said wednesday,4,Sci/Tech,3,Business
"Employment Picture Expected to Improve NEW YORK - A rash of job cuts - more than 10,000 layoffs just this week from a handful of companies - has created some gloom on the jobs front. But Friday's release of jobs data for September was expected to show a steady unemployment rate and creation between about 50,000 to 250,000 new jobs, though uncertainties such as the effects of last month's hurricanes kept the estimates all over the map, said Wachovia Corp...",employment picture expected improve new york rash job cut layoff week handful company created gloom job front friday release job data september expected show steady unemployment rate creation new job though uncertainty effect last month hurricane kept estimate map said wachovia corp,1,World,3,Business
Skyboxes May Reach A Limit Verizon Communications Inc. would seem to be a prime candidate to snap up a luxury suite at the \$440 million ballpark being planned for Washington's Major League Baseball team.,skybox may reach limit verizon communication inc would seem prime candidate snap luxury suite million ballpark planned washington major league baseball team,3,Business,2,Sports
"AT amp;T Wireless Gets in Tune AT amp;T Wireless (NYSE: AWE) recently debuted its mMode Music Store. Developed together with Loudeye (Nasdaq: LOUD) and Microsoft (Nasdaq: MSFT), the store allows subscribers to browse ",amp wireless get tune amp wireless nyse awe recently debuted mmode music store developed together loudeye nasdaq loud microsoft nasdaq msft store allows subscriber browse,4,Sci/Tech,3,Business
Aisin finishes deal for Michigan land HANDY TOWNSHIP -- A Japanese auto supplier said Thursday it completed the purchase of about 750 acres of Michigan land for a proving ground.,aisin finish deal michigan land handy township japanese auto supplier said thursday completed purchase acre michigan land proving ground,3,Business,2,Sports
Woman's death probed Public health officials are investigating why a 38-year-old woman died two weeks after undergoing gastric bypass surgery at Saint Anne's Hospital in Fall River. The hospital has stopped offering the surgery during the state probe and an internal review.,woman death probed public health official investigating year old woman died two week undergoing gastric bypass surgery saint anne hospital fall river hospital stopped offering surgery state probe internal review,3,Business,1,World
Sun settles Kodak patent suit Sun Microsystems says it will pay Kodak \$92 million to settle a high-profile patent suit involving Sun #39;s Java programming technology.,sun settle kodak patent suit sun microsystems say pay kodak million settle high profile patent suit involving sun java programming technology,3,Business,4,Sci/Tech
"Martha Stewart reports to jail to begin sentence the time she had to report to the country #39;s oldest federal prison for women. service of her sentence, quot; a Federal Bureau of Prisons statement said.",martha stewart report jail begin sentence time report country oldest federal prison woman service sentence quot federal bureau prison statement said,3,Business,1,World
"Shock Jock Group Boosts Satellite Radio Profile When radio shock jocks Opie and Anthony considered their next career move after two firings in four years, the twisted twosome was ready to feign rehabilitation. Or at least that was the plan when they sat down with satellite radio executives.",shock jock group boost satellite radio profile radio shock jock opie anthony considered next career move two firing four year twisted twosome ready feign rehabilitation least plan sat satellite radio executive,4,Sci/Tech,3,Business
"Study: Few Americans Buy Drugs Online NEW YORK - Only 4 percent of Americans have ever used the Internet to buy prescription drugs - and even fewer do so through foreign pharmacies - despite Web sites maintained by a handful of states to help citizens import medicines more cheaply from Canada, a new study finds.    A majority - 62 percent - believe drugs bought online are less safe than those purchased from a local pharmacy, accepting the federal government's stated concerns in opposing drug imports, the Pew Internet and American Life Project said in a report Sunday...",study american buy drug online new york percent american ever used internet buy prescription drug even fewer foreign pharmacy despite web site maintained handful state help citizen import medicine cheaply canada new study find majority percent believe drug bought online less safe purchased local pharmacy accepting federal government stated concern opposing drug import pew internet american life project said report sunday,1,World,4,Sci/Tech
"Senate Resolves Corporate Tax Bill Delay Sen. Mary Landrieu, D-La., is shown in Washington in this Nov. 11, 2003, file photo. Known as one of the Senate #39;s more moderate Democrats, Landrieu undertook a fiery defense Sunday, Oct. 10, 2004, of military ",senate resolve corporate tax bill delay sen mary landrieu shown washington nov file photo known one senate moderate democrat landrieu undertook fiery defense sunday oct military,3,Business,1,World
Cellphone Industry Hits Snag as It Woos Untapped Market The mobile phone industry is turning its attention to the last untapped demographic - people over 65.,cellphone industry hit snag woos untapped market mobile phone industry turning attention last untapped demographic people,1,World,4,Sci/Tech
"Ken Caminiti, 1996 NL MVP, Dies at Age 41 NEW YORK - Ken Caminiti, the 1996 National League MVP who later admitted using steroids during his major league career, died Sunday. He was 41...",ken caminiti mvp dy age new york ken caminiti national league mvp later admitted using steroid major league career died sunday,1,World,2,Sports
"William Watkins, 78, Recorder of Marine Mammals' Calls, Dies A leading researcher of marine mammal acoustics, William A. Watkins created a database of thousands of underwater calls from more than 70 species.",william watkins recorder marine mammal call dy leading researcher marine mammal acoustic william watkins created database thousand underwater call specie,4,Sci/Tech,1,World
"Legendary all-rounder Miller dies Keith Miller, arguably Australia's greatest  all-rounder in Test cricket, has died in Melbourne aged 84.",legendary rounder miller dy keith miller arguably australia greatest rounder test cricket died melbourne aged,1,World,2,Sports
"Intel defeats AMD in court AMD #39;s attempt to persuade the US court to sanction the release of over 60,000 pages of Intel documentation to a European Commission anti-trust enquiry has failed.",intel defeat amd court amd attempt persuade court sanction release page intel documentation european commission anti trust enquiry failed,3,Business,4,Sci/Tech
"T-Online returns to Deutsche Telekom mothership German incumbent telco Deutsche Telekom announced over the weekend it is to begin taking its internet division, T-Online, back entirely within the mother corporation.",online return deutsche telekom mothership german incumbent telco deutsche telekom announced weekend begin taking internet division online back entirely within mother corporation,3,Business,4,Sci/Tech
"Oil Surges to New Intraday High in Europe (AP) AP - The price of crude oil surged to a new intraday high of US #36;53.42 in European trade Monday, despite assurances from Middle East oil producers that they were committed to bringing the price down as a strike began in Africa's largest exporter.",oil surge new intraday high europe price crude oil surged new intraday high european trade monday despite assurance middle east oil producer committed bringing price strike began africa largest exporter,1,World,3,Business
"Nobel Economics Prize Awarded Norwegian-born Finn Kydland and Edward Prescott of the United States won the 2004 Nobel\economics prize, the Royal Swedish Academy of Sciences said on Monday.",nobel economics prize awarded norwegian born finn kydland edward prescott united state nobel economics prize royal swedish academy science said monday,3,Business,1,World
Finnish Watchdog Raps TV Game Operators (Reuters) Reuters - Finland's consumer watchdog said on\Monday it had reprimanded broadcasters for causing children to\run up huge mobile phone bills with interactive television game\and chat programs.,finnish watchdog rap game operator reuters reuters finland consumer watchdog said monday reprimanded broadcaster causing child run huge mobile phone bill interactive television game chat program,1,World,4,Sci/Tech
"Another Oracle exec says company might lower offer price for &lt;b&gt;...&lt;/b&gt; WILMINGTON, Del. Another Oracle executive says the company could lower its offering price for rival PeopleSoft. During testimony this morning in Delaware, Oracle co-president Safra Catz said PeopleSoft #39;s declining ",another oracle exec say company might lower offer price wilmington del another oracle executive say company could lower offering price rival peoplesoft testimony morning delaware oracle president safra catz said peoplesoft declining,3,Business,4,Sci/Tech
Cocoa farmers issue strike threat Unions are threatening a general strike in the Ivory Coast in a protest against the prices farmers are paid for their cocoa supplies.,cocoa farmer issue strike threat union threatening general strike ivory coast protest price farmer paid cocoa supply,3,Business,1,World
"Linux: Paris weighs a shift to open-source camp PARIS The open-source computer system known as Linux won a tough battle over Microsoft earlier this year when the city of Munich decided to change the operating software of 14,000 government computers, despite the personal intervention of Steve Ballmer ",linux paris weighs shift open source camp paris open source computer system known linux tough battle microsoft earlier year city munich decided change operating software government computer despite personal intervention steve ballmer,3,Business,4,Sci/Tech
Soweto township marks centenary South Africa's historic Soweto township marks its 100th birthday on Tuesday in a mood of optimism.,soweto township mark centenary south africa historic soweto township mark birthday tuesday mood optimism,1,World,3,Business
"SKorea's Samsung to invest 24 billion dollars in new chip lines (AFP) AFP - South Korea's Samsung Electronics Co., the world's largest memory chipmaker, said it would invest some 24 billion dollars in building new chip production lines over the next six years.",skorea samsung invest billion dollar new chip line afp afp south korea samsung electronics world largest memory chipmaker said would invest billion dollar building new chip production line next six year,1,World,3,Business
Highlights of What Congress Has Done (AP) AP - Highlights of what Congress has done  #151; and has not done  #151; this year.,highlight congress done highlight congress done done year,1,World,2,Sports
"Kenyan Laureate Urges Rich Nations to Ratify Kyoto (Reuters) Reuters - Kenya's Nobel Peace Prize winner,\Wangari Maathai, on Monday urged wealthy nations to ratify the\Kyoto protocol on climate change to ease the burden of\pollution on poor countries.",kenyan laureate urge rich nation ratify kyoto reuters reuters kenya nobel peace prize winner wangari maathai monday urged wealthy nation ratify kyoto protocol climate change ease burden pollution poor country,4,Sci/Tech,1,World
"Subplots abound in rich ALCS the two Eastern Division rivals as consumed with each other as Ahab was with his whale, now and forever. Tonight, it #39;s Mike Mussina vs.",subplots abound rich alcs two eastern division rival consumed ahab whale forever tonight mike mussina,2,Sports,1,World
Cricket: Tendulkar to miss test Sachin Tendulkar is almost certain to miss Thursday's second Test against Australia in Madras.,cricket tendulkar miss test sachin tendulkar almost certain miss thursday second test australia madras,1,World,2,Sports
"Oracle vs. PeopleSoft: Lies and Lying CEOs Who Tell Them PeopleSoft #39;s board knew that CEO Craig Conway had erred in his comments, so it filed a corrected version of the meeting transcript with the Securities and Exchange Commission.",oracle peoplesoft lie lying ceo tell peoplesoft board knew ceo craig conway erred comment filed corrected version meeting transcript security exchange commission,4,Sci/Tech,3,Business
"Microsoft Launches New Media Center PC Microsoft Corp. MSFT.O on Tuesday unveiled a new version of its Windows XP Media Center, adding features such as instant messaging and high-definition television to a personal computer designed for the living room.",microsoft launch new medium center microsoft corp msft tuesday unveiled new version window medium center adding feature instant messaging high definition television personal computer designed living room,3,Business,4,Sci/Tech
Rumors Suggest Photo Ability To Be Added to iPod  quot;Apple has invested heavily in technology to edit pictures. Not having a portable device to show them seemed an obvious oversight that would be corrected once the price of the displays ,rumor suggest photo ability added ipod quot apple invested heavily technology edit picture portable device show seemed obvious oversight would corrected price display,3,Business,4,Sci/Tech
"DreamWorks Animation IPO Set at 29M Shares Underwriters for DreamWorks Animation SKG Inc., producer of the blockbuster ""Shrek"" movies, Tuesday set the terms of the company's pending initial public offering at 29 million common shares, with an estimated price range of \$23 to \$25 a share.",dreamworks animation ipo set share underwriter dreamworks animation skg inc producer blockbuster shrek movie tuesday set term company pending initial public offering million common share estimated price range share,4,Sci/Tech,3,Business
"Australia: Wallets trump war A majority of Australians oppose the Iraq war, but they turned out to be more concerned about the economy.",australia wallet trump war majority australian oppose iraq war turned concerned economy,1,World,3,Business
"Ljubicic Downs Hanescu at Open De Moselle Top-seeded Ivan Ljubicic of Croatia beat Victor Hanescu of Romania 6-4, 6-4 Tuesday in the first round of the Open de Moselle.",ljubicic down hanescu open moselle top seeded ivan ljubicic croatia beat victor hanescu romania tuesday first round open moselle,1,World,2,Sports
"Intel Posts Higher Profit, Sales Computer-chip maker Intel Corp. said yesterday that earnings for its third quarter were \$1.9 billion -- up 15 percent from the same quarter a year ago -- but the company cautioned that computer-processor demand in the United States is likely to remain low.",intel post higher profit sale computer chip maker intel corp said yesterday earnings third quarter billion percent quarter year ago company cautioned computer processor demand united state likely remain low,4,Sci/Tech,3,Business
"Thailand Shows No Easy War Against Wildlife Crime (Reuters) Reuters - With an AK-47 assault rifle slung over\his shoulder, Sompong Prajobjan roamed one of Thailand's lush\national parks for more than a decade.",thailand show easy war wildlife crime reuters reuters assault rifle slung shoulder sompong prajobjan roamed one thailand lush national park decade,4,Sci/Tech,1,World
Excess chips a drag on 3rd-quarter Intel results Intel on Tuesday released third-quarter financial results showing that it continues to struggle to sell a substantial stockpile of computer chips as demand for personal computers remains slow.,excess chip drag quarter intel result intel tuesday released third quarter financial result showing continues struggle sell substantial stockpile computer chip demand personal computer remains slow,3,Business,4,Sci/Tech
Football: Azerbaijan 0-1 England Michael Owen heads England's winner in the World Cup qualifier against Azerbaijan.,football azerbaijan england michael owen head england winner world cup qualifier azerbaijan,1,World,2,Sports
Ban for former Ahold executives Dutch  retailer Ahold's former chairman and its ex-finance officer are barred from executive posts as part of a US fraud case settlement.,ban former ahold executive dutch retailer ahold former chairman finance officer barred executive post part fraud case settlement,1,World,3,Business
"Sony looks under the Christmas tree Americans will go gadget shopping this holiday season even if oil prices go up, Sony execs say.",sony look christmas tree american gadget shopping holiday season even oil price sony exec say,4,Sci/Tech,3,Business
"Thai minister says zoo #39;s illegal orangutans to be moved JAKARTA/BANGKOK (DPA): Thailand, under growing pressure to repatriate some 100 orangutans allegedly smuggled into the country from Indonesia, plans to shift the apes from a private zoo to a safe centre, probably in Chiang Mai, a minister said on Thursday.",thai minister say zoo illegal orangutan moved jakarta bangkok dpa thailand growing pressure repatriate orangutan allegedly smuggled country indonesia plan shift ape private zoo safe centre probably chiang mai minister said thursday,4,Sci/Tech,1,World
"Munro, Morris Face Off in NLCS Game 2 ST. LOUIS - The Houston Astros put their hopes in a pitcher untested in the postseason when they give Pete Munro the ball to start Game 2 of the NL Championship series on Thursday, one night after dropping the opener to the St...",munro morris face nlcs game louis houston astros put hope pitcher untested postseason give pete munro ball start game championship series thursday one night dropping opener,1,World,2,Sports
"FCC exempts fiber-to-curb from sharing requirements The Federal Communications Commission Thursday voted to allow incumbent telephone carriers from sharing fiber-to-the-curb deployments from competitors, prompting one incumbent to announce an accelerated fiber rollout.",fcc exempts fiber curb sharing requirement federal communication commission thursday voted allow incumbent telephone carrier sharing fiber curb deployment competitor prompting one incumbent announce accelerated fiber rollout,3,Business,4,Sci/Tech
Sun Micro Posts Narrower Quarterly Loss  SAN FRANCISCO (Reuters) - Network computer maker Sun  Microsystems Inc. on Thursday posted a narrower quarterly loss  as revenue rose for the second consecutive quarter on higher  sales of servers after three years of declines.,sun micro post narrower quarterly loss san francisco reuters network computer maker sun microsystems inc thursday posted narrower quarterly loss revenue rose second consecutive quarter higher sale server three year decline,3,Business,4,Sci/Tech
Spawn of X Prize on Horizon Innovators take note: The folks behind the X Prize vow there will soon be more competitions in several disciplines. Also: The da Vinci team presses ahead in Canada.... Rubicon team plans another launch attempt. By Dan Brekke.,spawn prize horizon innovator take note folk behind prize vow soon competition several discipline also vinci team press ahead canada rubicon team plan another launch attempt dan brekke,4,Sci/Tech,2,Sports
"September Retail Sales Up by 1.5 Percent WASHINGTON - Shoppers got their buying groove back last month, propelling sales at the nation's retailers by a strong 1.5 percent. It was the best showing since March...",september retail sale percent washington shopper got buying groove back last month propelling sale nation retailer strong percent best showing since march,1,World,3,Business
"For Many Airline Pilots, the Thrill Is Gone While pilots still feel in command in the air, they increasingly are feeling slighted on the ground, as airlines extract salary and benefits concessions from them.",many airline pilot thrill gone pilot still feel command air increasingly feeling slighted ground airline extract salary benefit concession,1,World,3,Business
"Blockbuster Cuts Online Price, Challenges Netflix (Reuters) Reuters - Video chain Blockbuster Inc on\Friday said it would lower the price of its online DVD rentals\to undercut a similar move by Netflix Inc. that sparked a stock\a sell-off of both companies' shares.",blockbuster cut online price challenge netflix reuters reuters video chain blockbuster inc friday said would lower price online dvd rental undercut similar move netflix inc sparked stock sell company share,4,Sci/Tech,3,Business
Warne takes six but India establish handy lead (Reuters) Reuters - World test wicket record holder Shane Warne grabbed six wickets as India established a handy 141-run first innings lead in the second test on Saturday.,warne take six india establish handy lead reuters reuters world test wicket record holder shane warne grabbed six wicket india established handy run first inning lead second test saturday,1,World,2,Sports
Rugby: Kiwis earn draw New Zealand hold Australia 16-16 in the first game of the 2004 Tri-Nations series.,rugby kiwi earn draw new zealand hold australia first game tri nation series,1,World,2,Sports
"FDA Orders Strong Antidepressant Warning Labels By DIEDTRA HENDERSON    WASHINGTON (AP) -- The Food and Drug Administration on Friday ordered that all antidepressants carry ""black box"" warnings that they ""increase the risk of suicidal thinking and behavior"" in children who take them.    Patients and their parents will be given medication guides that include the warning with each new prescription or refill...",fda order strong antidepressant warning label diedtra henderson washington food drug administration friday ordered antidepressant carry black box warning increase risk suicidal thinking behavior child take patient parent given medication guide include warning new prescription refill,4,Sci/Tech,1,World
"Sun posts narrower quarterly loss OCTOBER 14, 2004 (REUTERS) - SAN FRANCISCO -- Sun Microsystems Inc. today posted a narrower quarterly loss as revenue rose year over year for the second consecutive quarter after three years of declines, sending shares slightly higher.",sun post narrower quarterly loss october reuters san francisco sun microsystems inc today posted narrower quarterly loss revenue rose year year second consecutive quarter three year decline sending share slightly higher,4,Sci/Tech,3,Business
"Florida #39;s prepaid tuition program thriving Already the biggest of its kind in the country, Florida #39;s popular prepaid-tuition program expects to count its millionth customer during a sign-up period that runs Monday through Jan. 31.",florida prepaid tuition program thriving already biggest kind country florida popular prepaid tuition program expects count millionth customer sign period run monday jan,3,Business,4,Sci/Tech
"Toughest athlete is female and unknown You probably haven't heard about one of the toughest endurance sports around: the deca-ironman. That's 38 km swimming, immediately followed by an 1800 km bicycle ride and a 420 km run. Currently, the world record stands at about 187 hours, held by a German housewife. Nobody else has ever finished the course below 192 hours.  ",toughest athlete female unknown probably heard one toughest endurance sport around deca ironman swimming immediately followed bicycle ride run currently world record stand hour held german housewife nobody else ever finished course hour,4,Sci/Tech,2,Sports
"US consumers unaware of spyware The findings come in a report from the newly formed Consumer Spyware Initiative, a joint effort by Dell and the non-profit Internet Education Foundation that aims to increase awareness of spyware.",consumer unaware spyware finding come report newly formed consumer spyware initiative joint effort dell non profit internet education foundation aim increase awareness spyware,3,Business,4,Sci/Tech
"Wi-Fi successor is called high-speed hype -- for now SAN FRANCISCO -- At virtually every turn, Intel Corp. executives are heaping praise on an emerging long-range wireless technology known as WiMAX, which can blanket entire cities with high-speed Internet access.",successor called high speed hype san francisco virtually every turn intel corp executive heaping praise emerging long range wireless technology known wimax blanket entire city high speed internet access,3,Business,4,Sci/Tech
"Ramirez should be taking it to heart When it comes down to this, when it's worse than you could have possibly imagined, if you are any kind of ballplayer at all, you look within and ask yourself what you can do to make it better.",ramirez taking heart come worse could possibly imagined kind ballplayer look within ask make better,2,Sports,4,Sci/Tech
An Old Church's New Tilt Inspires Tourists and T-Shirts A humble church has something Germany's glorious Cologne Cathedral cannot match: a leaning tower.,old church new tilt inspires tourist shirt humble church something germany glorious cologne cathedral match leaning tower,1,World,2,Sports
"Calif. Mental Health Services May Expand (AP) AP - As pressures increase on California's mental health system, its workers and advocates say they are forced to do more with a supply of money that seems to shrink each year.",calif mental health service may expand pressure increase california mental health system worker advocate say forced supply money seems shrink year,1,World,3,Business
"Liberty Alliance names first director, new members The Liberty Alliance Project signalled that it expects to have longevity when it comes to developing and promoting federated identity standards by naming its first executive director on Monday.",liberty alliance name first director new member liberty alliance project signalled expects longevity come developing promoting federated identity standard naming first executive director monday,4,Sci/Tech,3,Business
"Google puts desktop search privacy up front Google has announced a new desktop search application that enables users to search their e-mail, files, web history, and chats. Perhaps learning from previous mistakes, Google says it has designed the product  quot;from the ground up to respect user privacy.",google put desktop search privacy front google announced new desktop search application enables user search mail file web history chat perhaps learning previous mistake google say designed product quot ground respect user privacy,3,Business,4,Sci/Tech
Tennis: Davenport to play on Lindsay Davenport says she plans to play in the Australian Open next January.,tennis davenport play lindsay davenport say plan play australian open next january,1,World,2,Sports
"Stocks Edge Higher As Oil Prices Retreat NEW YORK - A sharp drop in oil prices gave Wall Street a modest relief rally Monday, with stocks edging higher on news that oil production had soared during the month of September.    Investors who have sold stocks for months as oil prices climbed reversed course Monday and started buying as the price of crude declined...",stock edge higher oil price retreat new york sharp drop oil price gave wall street modest relief rally monday stock edging higher news oil production soared month september investor sold stock month oil price climbed reversed course monday started buying price crude declined,1,World,3,Business
"USC, Miami Top BCS Standings, Not Okla. Southern California took the top spot Monday in the season's first Bowl Championship Series standings, and surprisingly Miami is ahead of Oklahoma in a close race for the second spot.    Oklahoma is No...",usc miami top bcs standing okla southern california took top spot monday season first bowl championship series standing surprisingly miami ahead oklahoma close race second spot oklahoma,1,World,2,Sports
"IBM posts broad Q3 revenue growth NEW YORK - IBM Corp. posted quarterly results on Monday showing 9 percent revenue growth from last year and slight earnings growth, despite a \$320 million charge it took during the quarter to settle some claims in a lawsuit over its pension plan.",ibm post broad revenue growth new york ibm corp posted quarterly result monday showing percent revenue growth last year slight earnings growth despite million charge took quarter settle claim lawsuit pension plan,4,Sci/Tech,3,Business
Regulators Approve Artificial Heart The Food and Drug Administration approved the use of an artificial heart made by SynCardia Systems as a temporary device for people awaiting transplants.,regulator approve artificial heart food drug administration approved use artificial heart made syncardia system temporary device people awaiting transplant,4,Sci/Tech,3,Business
"GM Protests Spread Across Europe Tens of thousands of General Motors workers across Europe were set to stop working on Tuesday in a sign of solidarity with their German colleagues, who face massive job cuts.",protest spread across europe ten thousand general motor worker across europe set stop working tuesday sign solidarity german colleague face massive job cut,3,Business,1,World
"Glazer stake in Man Utd nears 30 US tycoon Malcolm Glazer lifts his stake in Manchester Utd to 28.11, one day after spending 17m on  further share buys.",glazer stake man utd nears tycoon malcolm glazer lift stake manchester utd one day spending share buy,1,World,3,Business
"Greenspan: Debt, home prices not dangerous The record level of debt carried by American households and soaring home prices do not appear to represent serious threats to the US economy, Federal Reserve Chairman Alan Greenspan said Tuesday.",greenspan debt home price dangerous record level debt carried american household soaring home price appear represent serious threat economy federal reserve chairman alan greenspan said tuesday,4,Sci/Tech,3,Business
"Ancient fungus 'revived' in lab Fungus from a deep-sea sediment core that is hundreds of thousands of years old will grow when placed in culture, scientists discover.",ancient fungus revived lab fungus deep sea sediment core hundred thousand year old grow placed culture scientist discover,1,World,4,Sci/Tech
"Feds Mum on Pre-Election Terror Threat (AP) AP - FBI, Justice Department and Homeland Security Department officials aren't talking much about the threat of a terrorist attack to disrupt the election in two weeks.",fed mum pre election terror threat fbi justice department homeland security department official talking much threat terrorist attack disrupt election two week,1,World,4,Sci/Tech
F1: British Grand Prix ruled out Jackie Stewart rejects Bernie Ecclestone's claims that the British Grand Prix is dead.,british grand prix ruled jackie stewart reject bernie ecclestone claim british grand prix dead,1,World,2,Sports
Web-based kidney match raises ethics questions A Colorado man who placed a  quot;transplant wanted quot; ad on a Massachusetts-based Internet site is expected today to receive a kidney donated by a total stranger who simply wanted to do  quot;something big. quot; The transaction marks the first time an organ transplant has been brokered by a commercial web company.,web based kidney match raise ethic question colorado man placed quot transplant wanted quot massachusetts based internet site expected today receive kidney donated total stranger simply wanted quot something big quot transaction mark first time organ transplant brokered commercial web company,3,Business,4,Sci/Tech
"Motorola Quarterly Earnings Rise Motorola Inc., the world's No. 2 maker of cell phones, on Tuesday said its quarterly profit\more than tripled, as sales rose 26 percent, driven in part by a host of new handset models and cost controls.",motorola quarterly earnings rise motorola inc world maker cell phone tuesday said quarterly profit tripled sale rose percent driven part host new handset model cost control,4,Sci/Tech,3,Business
NJ residents file lawsuit to block e-voting WASHINGTON - A coalition of New Jersey residents filed a lawsuit Tuesday asking a judge to stop the state from using electronic voting machines in the Nov. 2 election.,resident file lawsuit block voting washington coalition new jersey resident filed lawsuit tuesday asking judge stop state using electronic voting machine nov election,4,Sci/Tech,1,World
"Sales of industrial robots surging: UN report Geneva - Worldwide sales of industrial robots surged to record levels in the first half of 2004 after equipment prices fell while labour costs grew, the United Nations Economic Commission for Europe said in a report to be released today.",sale industrial robot surging report geneva worldwide sale industrial robot surged record level first half equipment price fell labour cost grew united nation economic commission europe said report released today,4,Sci/Tech,3,Business
"Judge blocks record libel claim against Financial Times LONDON (AFP) - A judge at the London High Court struck out the bulk of a record libel damages claim of 240 million pounds (345 million euros, 434 million dollars) against the Financial Times by stockbroker Collins Stewart Tullet.",judge block record libel claim financial time london afp judge london high court struck bulk record libel damage claim million pound million euro million dollar financial time stockbroker collins stewart tullet,3,Business,1,World
"Giga counters They #39;re bold, brash and break most rules of business -- so why are the Google guys multi-billionaires? GOOGLE Inc had plenty to celebrate at its recent annual summer picnic -- its debut as a public company ",giga counter bold brash break rule business google guy multi billionaire google inc plenty celebrate recent annual summer picnic debut public company,4,Sci/Tech,3,Business
Cricket: Pakistan edge ahead Pakistan take a slim lead over Sri Lanka by the end of the day two in the first Test.,cricket pakistan edge ahead pakistan take slim lead sri lanka end day two first test,1,World,2,Sports
"Strong Server, PC Sales Boost Microsoft Revenue The company's earnings beat Wall Street expectations.",strong server sale boost microsoft revenue company earnings beat wall street expectation,4,Sci/Tech,3,Business
"America #39;s curse There is an all but unanswerable case for asserting that the biggest story out of the United States this week has nothing to do with the presidential election, has no connection with the flu vaccine shortage and that it does not involve a gay bishop either ",america curse unanswerable case asserting biggest story united state week nothing presidential election connection flu vaccine shortage involve gay bishop either,2,Sports,1,World
Erdogan Believes European Council #39;s Decision Will Be A Milestone PARIS - Turkish PM Recep Tayyip Erdogan expressed belief on Thursday that the decision that the European Council would make on December 17th (on whether and when to open negotiations with Turkey) would be a milestone for not only Turkey-(EU) relations ,erdogan belief european council decision milestone paris turkish recep tayyip erdogan expressed belief thursday decision european council would make december whether open negotiation turkey would milestone turkey relation,3,Business,1,World
"World #39;s  #39;worst plunderers #39; named HUMAN beings are plundering the earth #39;s resources at an alarming and unsustainable rate, and Australians are among the worst offenders.",world worst plunderer named human being plundering earth resource alarming unsustainable rate australian among worst offender,4,Sci/Tech,1,World
"City Series-ly wounded With the Yanks out of the World Series, the city #39;s economy loses out on at least \$40 million, according to studies by the controller #39;s office and other city agencies.",city series wounded yank world series city economy loses least million according study controller office city agency,2,Sports,3,Business
Sri Lanka off to positive start Kumar Sangakkara's unbeaten fifty revives Sri Lanka's chances against Pakistan.,sri lanka positive start kumar sangakkara unbeaten fifty revives sri lanka chance pakistan,1,World,2,Sports
"Avis blames IT for multimillion-dollar loss The car rental company takes a major hit because of problems with IT, including high costs associated with an ERP project.",avis blame multimillion dollar loss car rental company take major hit problem including high cost associated erp project,4,Sci/Tech,3,Business
"Amazon.com net sales jump 29; Google reports \$52M in net income OCTOBER 22, 2004 (IDG NEWS SERVICE) - Amazon.com Inc. fell a penny short of analysts #39; per-share earnings expectations, while reporting net sales of \$1.",amazon com net sale jump google report net income october idg news service amazon com inc fell penny short analyst per share earnings expectation reporting net sale,4,Sci/Tech,3,Business
"Google #39;s New PC Search Tool Poses Risks NEW YORK Oct. 18, 2004 - People who use public or workplace computers for e-mail, instant messaging and Web searching have a new privacy risk to worry about: Google #39;s free new tool that indexes a PC #39;s contents for quickly locating data.",google new search tool pose risk new york oct people use public workplace computer mail instant messaging web searching new privacy risk worry google free new tool index content quickly locating data,3,Business,4,Sci/Tech
"Cards all hearts Ten outs away from winter, knowing a 105-win magic-carpet ride was about to hit the runway way too soon. Ten outs away from winter, and the St.",card heart ten out away winter knowing win magic carpet ride hit runway way soon ten out away winter,2,Sports,4,Sci/Tech
"Revolving Door  &lt;em&gt; IN&lt;/em&gt;&lt;br&gt;   Aylwin B. Lewis,  president of Yum Brands, as chief executive of Kmart.",revolving door aylwin lewis president yum brand chief executive kmart,1,World,3,Business
"Approval Expected for Big Cellphone Deal Federal regulators will formally approve Cingular Wireless #39;s \$41 billion purchase of AT amp;T Wireless today, company officials briefed on the matter said over the weekend.",approval expected big cellphone deal federal regulator formally approve cingular wireless billion purchase amp wireless today company official briefed matter said weekend,4,Sci/Tech,3,Business
"Regulators Let Cingular Buy AT amp;T Wireless The \$41 billion merger between Cingular Wireless LLC and AT amp;T Wireless Services Inc. won approval from the Federal Communications Commission yesterday, according to federal sources close to ",regulator let cingular buy amp wireless billion merger cingular wireless llc amp wireless service inc approval federal communication commission yesterday according federal source close,4,Sci/Tech,3,Business
Another controversial Man Utd-Arsenal game Mount St. Helen #39;s in Oregon has been active these last few months but that is nothing compared to the eruption at Old Trafford on Sunday.,another controversial man utd arsenal game mount helen oregon active last month nothing compared eruption old trafford sunday,2,Sports,4,Sci/Tech
Hynix's 3Q Profit More Than Triples (AP) AP - South Korea's Hynix Semiconductor Inc. said Monday its third-quarter net profit more than tripled from same period last year thanks to steady global prices for memory chips.,hynix profit triple south korea hynix semiconductor inc said monday third quarter net profit tripled period last year thanks steady global price memory chip,1,World,3,Business
"Classmates agrees to \$100M buyout United Online Inc., a California-based provider of low-cost Internet subscription services, has agreed to buy Internet networking company Classmates Online Inc.",classmate agrees buyout united online inc california based provider low cost internet subscription service agreed buy internet networking company classmate online inc,3,Business,4,Sci/Tech
"Spyware opponents win another battle The Federal Trade Commission won an important victory last week in its fight to protect consumers from spyware, the software that tracks unsuspecting Web surfers, bombards them with advertisements and sometimes even steal login information and passwords.",spyware opponent win another battle federal trade commission important victory last week fight protect consumer spyware software track unsuspecting web surfer bombard advertisement sometimes even steal login information password,3,Business,4,Sci/Tech
"Broadcaster Donates  #36;325,000 to GOP (AP) AP - One of the state's biggest broadcasters has given 13 Republican county committees  #36;325,000 worth of free air time to promote candidates on its radio and television stations throughout California.",broadcaster donates gop one state biggest broadcaster given republican county committee worth free air time promote candidate radio television station throughout california,1,World,4,Sci/Tech
"China, ASEAN Agree to End Tariffs (AP) AP - China has reached agreement with the Association of Southeast Asian Nations, or ASEAN, on completely removing tariffs on merchandise goods by 2010 as part of a proposed free trade agreement, the Chinese Ministry of Commerce says.",china asean agree end tariff china reached agreement association southeast asian nation asean completely removing tariff merchandise good part proposed free trade agreement chinese ministry commerce say,1,World,3,Business
"Ispat, LNM, ISG merge to form world's largest steelmaker (AFP) AFP - Dutch steel groups Ispat International and LNM Holdings, both run by Indian businessman Lakshmi Mittal, said they had agreed to merge with US International Steel Group to form the world's largest steelmaker.",ispat lnm isg merge form world largest steelmaker afp afp dutch steel group ispat international lnm holding run indian businessman lakshmi mittal said agreed merge international steel group form world largest steelmaker,1,World,3,Business
"Miss Peru takes Miss World crown Twenty-year-old Miss Peru has been crowned Miss World in a southern Chinese resort town, as China looks to become the regular host of an event that would have once been deemed heretical by its Communist leaders.",miss peru take miss world crown twenty year old miss peru crowned miss world southern chinese resort town china look become regular host event would deemed heretical communist leader,2,Sports,1,World
"Australia 362-7 v India, third test - close (Reuters) Reuters - Australia were 362 for seven wickets at the close of play on the first day of their third cricket test against India on Tuesday.",australia india third test close reuters reuters australia seven wicket close play first day third cricket test india tuesday,1,World,2,Sports
"Lockheed Profit Jumps on IT, Jet Demand &lt;p&gt;\&lt;/p&gt;&lt;p&gt; NEW YORK (Reuters) - No. 1 U.S. defense contractor Lockheed\Martin Corp. &lt;LMT.N&gt; reported a 41 percent rise in quarterly\profit on Tuesday, beating Wall Street forecasts, as demand\soared for its combat aircraft and information technology\services.&lt;/p&gt;",lockheed profit jump jet demand new york reuters defense contractor lockheed martin corp lmt reported percent rise quarterly profit tuesday beating wall street forecast demand soared combat aircraft information technology service,4,Sci/Tech,3,Business
"Cingular, AT amp;T deal gets an OK from Justice (USATODAY.com) USATODAY.com - Justice Department antitrust regulators cleared the way Monday for Cingular Wireless'  #36;41 billion acquisition of AT amp;T Wireless Services (AWE), a crucial step toward creating the nation's largest wireless telephone company.",cingular amp deal get justice usatoday com usatoday com justice department antitrust regulator cleared way monday cingular wireless billion acquisition amp wireless service awe crucial step toward creating nation largest wireless telephone company,4,Sci/Tech,3,Business
"E.U. Regulators Approve Oracle's PeopleSoft Bid European Union antitrust regulators on Tuesday cleared Oracle Corp.'s hostile \$7.7 billion bid for rival business software maker PeopleSoft Inc., removing one of the last major hurdles to the contested takeover proposal.",regulator approve oracle peoplesoft bid european union antitrust regulator tuesday cleared oracle corp hostile billion bid rival business software maker peoplesoft inc removing one last major hurdle contested takeover proposal,4,Sci/Tech,3,Business
"EU Head Office Trims 2005 Growth Forecast (AP) AP - The European Union's head office issued a bleak economic report Tuesday, warning that the sharp rise in oil prices will ""take its toll"" on economic growth next year while the euro's renewed climb could threaten crucial exports.",head office trim growth forecast european union head office issued bleak economic report tuesday warning sharp rise oil price take toll economic growth next year euro renewed climb could threaten crucial export,1,World,3,Business
"Aids warning over bushmeat trade Meat from African wild animals being sold illegally in the UK is spreading a virus similar to HIV, a leading scientist warns.",aid warning bushmeat trade meat african wild animal sold illegally spreading virus similar hiv leading scientist warns,4,Sci/Tech,1,World
"Microsoft Readies Next Business IM Server A little over a year after introducing the first version of Office Live Communications Server, Microsoft says it plans to release the next version of its enterprise instant messaging software, in December.",microsoft ready next business server little year introducing first version office live communication server microsoft say plan release next version enterprise instant messaging software december,3,Business,4,Sci/Tech
"26/10/04 Savabeel Compared To Dubai Millennium The man who says he didn #39;t have a pair of shoes until he was 12 is now fielding offers in the millions for a horse he compares to the late Dubai Millennium, the best in the world a few years ago.",savabeel compared dubai millennium man say pair shoe fielding offer million horse compare late dubai millennium best world year ago,2,Sports,3,Business
"FaceTime, IMlogic Back Live Communications Server 2005 Hard on the heels of Microsoft announcing that it #39;s taken Live Communications Server 2005 gold, instant messaging management software vendors IMlogic and FaceTime on Tuesday both touted their support for the communication product.",facetime imlogic back live communication server hard heel microsoft announcing taken live communication server gold instant messaging management software vendor imlogic facetime tuesday touted support communication product,3,Business,4,Sci/Tech
"IBM Unveils Security Intel Service, Notes Big Jump In Attacks IBM has launched a new intelligence service to give enterprises a monthly report showing the big picture of security attacks and other business threats, the Armonk, NY-based giant said Tuesday.",ibm unveils security intel service note big jump attack ibm launched new intelligence service give enterprise monthly report showing big picture security attack business threat armonk based giant said tuesday,4,Sci/Tech,3,Business
"Cingular Closes  #36;41 Bln ATT Wireless Deal (Reuters) Reuters - Cingular Wireless on Tuesday closed\its  #36;41 billion cash purchase of AT T Wireless Services Inc.\, creating the biggest U.S. mobile service with more\than 46 million customers.",cingular close bln att wireless deal reuters reuters cingular wireless tuesday closed billion cash purchase wireless service inc creating biggest mobile service million customer,3,Business,4,Sci/Tech
Chip Giant UMC Reports Higher Profits (AP) AP - United Microelectronics Corp.  #151; the world's No. 2 producer of made-to-order chips  #151; on Wednesday reported that its third-quarter net profit more than doubled on year as shipments of chips for mobile phones and other gadgets increased.,chip giant umc report higher profit united microelectronics corp world producer made order chip wednesday reported third quarter net profit doubled year shipment chip mobile phone gadget increased,4,Sci/Tech,3,Business
Singapore Telecom ties up with Malaysia's TIME dotcom (AFP) AFP - Singapore Telecommunications (SingTel) said it has entered into an agreement with Malaysia's TIME dotCom to link their corporate customers through private leased line circuits.,singapore telecom tie malaysia time dotcom afp afp singapore telecommunication singtel said entered agreement malaysia time dotcom link corporate customer private leased line circuit,4,Sci/Tech,1,World
"BHP Billiton, Alcoa sell Integris Metals for 359 million pounds (AFP) AFP - Anglo-Australian mining giant BHP Billiton and Alcoa, the world's largest aluminium producer, have agreed to sell their metal services joint venture Integris Metals for 660 million dollars (359 million pounds) including debt, a joint statement said.",bhp billiton alcoa sell integris metal million pound afp afp anglo australian mining giant bhp billiton alcoa world largest aluminium producer agreed sell metal service joint venture integris metal million dollar million pound including debt joint statement said,1,World,3,Business
"Henman Sails at the Swiss Indoors &lt;p&gt;&lt;/p&gt;&lt;p&gt; By Mark Ledsom&lt;/p&gt;&lt;p&gt; BASEL (Reuters) - Britain's world number four Tim Henmanwon his opening match at the Swiss Indoors tennis tournamentwith little difficulty on Wednesday, beating Frenchman AntonyDupuis 6-3, 6-4.&lt;/p&gt;",henman sail swiss indoors mark ledsom basel reuters britain world number four tim henmanwon opening match swiss indoors tennis tournamentwith little difficulty wednesday beating frenchman antonydupuis,1,World,2,Sports
"Black Market in British Treasure Sold on EBay (Reuters) Reuters - Pieces of Britain's past, including a\second-century silver ring and a 500-year-old Tudor trade\weight, are among artifacts being peddled daily on the Internet\to the alarm of experts at the British Museum.",black market british treasure sold ebay reuters reuters piece britain past including second century silver ring year old tudor trade weight among artifact peddled daily internet alarm expert british museum,1,World,4,Sci/Tech
"Report finds handheld device market in continued decline The worldwide market for handheld devices saw its third successive quarter of year-over-year decline in the third quarter of 2004, according to a new report released by IDC.",report find handheld device market continued decline worldwide market handheld device saw third successive quarter year year decline third quarter according new report released idc,3,Business,4,Sci/Tech
"EU Unveils Plans for New Banana Tariffs (AP) AP - The European Union said Wednesday it will impose a duty of 230 euros ( #36;290) per ton of bananas starting in 2006, in an effort to prevent producers in former African and Caribbean colonies from losing business to larger growers in Latin America.",unveils plan new banana tariff european union said wednesday impose duty euro per ton banana starting effort prevent producer former african caribbean colony losing business larger grower latin america,1,World,3,Business
"Faces From The 1929 Crash NEW YORK - The people who will forever be associated with the Great Crash of 1929 were all white, male and wealthy, but their occupations and ethics varied considerably.",face crash new york people forever associated great crash white male wealthy occupation ethic varied considerably,3,Business,1,World
Will Tellabs Push Its Luck? Perhaps the optical network supplier should call off its merger with AFC.,tellabs push luck perhaps optical network supplier call merger afc,3,Business,4,Sci/Tech
"Yahoo Debuts Mobile Search SAN FRANCISCO -- Yahoo (Quote, Chart) expanded its search empire to the mobile arena with the launch of some additional services. The company was one of the original content providers for mobile devices running ",yahoo debut mobile search san francisco yahoo quote chart expanded search empire mobile arena launch additional service company one original content provider mobile device running,3,Business,4,Sci/Tech
"Lexmark Loss Good for Consumers Lexmark's loss in court on Tuesday may mean that consumer electronics companies won't try to use the Digital Millenium Copyright Act as an all-purpose competition shield anymore, consumer advocates say. By Katie Dean.",lexmark loss good consumer lexmark loss court tuesday may mean consumer electronics company try use digital millenium copyright act purpose competition shield anymore consumer advocate say katie dean,3,Business,4,Sci/Tech
"At least five dead in Russia mine blast  quot;At 9:45 am (2:45 am British time) we received the signal for a methane blast. At the time, a 45-strong repair team was working in that.",least five dead russia mine blast quot british time received signal methane blast time strong repair team working,1,World,4,Sci/Tech
"Stability Control Systems Can Save Lives (AP) AP - Stability control systems could save up to 7,000 lives each year if they were standard equipment on all vehicles, according to a study by the insurance industry.",stability control system save life stability control system could save life year standard equipment vehicle according study insurance industry,1,World,3,Business
AOL Files Lawsuit Against IM  #39;Spim #39; America Online Inc. said Thursday it had filed a federal lawsuit accusing numerous unnamed defendants of violating federal and state laws by sending bulk messages known as  quot;spim quot; to instant message accounts and Internet chat rooms.,aol file lawsuit spim america online inc said thursday filed federal lawsuit accusing numerous unnamed defendant violating federal state law sending bulk message known quot spim quot instant message account internet chat room,3,Business,4,Sci/Tech
"Racing in an Evening Gown (Forbes.com) Forbes.com - Not every driver was dressed formally for the start of this year's Bullrun, a road rally that begins in London, at the Marble Arch, and ends three days later in Ibiza, Spain. Yet as drivers thrummed their engines nervously on the afternoon of Sept. 23, waiting for the checkered flag, a quick inspection of the field revealed one entrant clad in an Oxford shirt and gray pinstripe blazer, another sporting a tuxedo, and a third--me--wearing a red couture Matthew Earnest gown.",racing evening gown forbes com forbes com every driver dressed formally start year bullrun road rally begin london marble arch end three day later ibiza spain yet driver thrummed engine nervously afternoon sept waiting checkered flag quick inspection field revealed one entrant clad oxford shirt gray pinstripe blazer another sporting tuxedo third wearing red couture matthew earnest gown,3,Business,2,Sports
"AOL, E-Mail Companies Sue Spammers The nation #39;s largest e-mail providers today filed a new round of lawsuits against Internet spammers allegedly responsible for shoveling millions of junk e-mail messages into computer users #39; in-boxes and their instant messaging screens.",aol mail company sue spammer nation largest mail provider today filed new round lawsuit internet spammer allegedly responsible shoveling million junk mail message computer user box instant messaging screen,3,Business,4,Sci/Tech
"Gateway Reports Smaller Quarterly Loss Gateway Inc. reported a narrowed net loss in the first quarter as it continues to restructure its operations and integrate its acquisition of eMachines. Still, the personal computer and electronics company posted a tiny operating profit -- its first in nearly three years.",gateway report smaller quarterly loss gateway inc reported narrowed net loss first quarter continues restructure operation integrate acquisition emachines still personal computer electronics company posted tiny operating profit first nearly three year,4,Sci/Tech,3,Business
Gateway reports smaller net loss as restructuring continues Gateway Inc. reported a narrowed net loss in the first quarter as it continues to restructure its operations and integrate its acquisition of eMachines.,gateway report smaller net loss restructuring continues gateway inc reported narrowed net loss first quarter continues restructure operation integrate acquisition emachines,3,Business,4,Sci/Tech
"Blame player, not game It was like nothing youd ever exercised your thumbs to before. You could do whatever you wanted, whenever you wanted. The game seemed endless.",blame player game like nothing youd ever exercised thumb could whatever wanted whenever wanted game seemed endless,4,Sci/Tech,2,Sports
"Sign off, then sign in  G. Michael Caggiano Jr. lies awake at night thinking about bank signs. He ponders them during breakfast, while brushing his teeth, and  quot;constantly quot; during the day, he says.",sign sign michael caggiano lie awake night thinking bank sign ponders breakfast brushing teeth quot constantly quot day say,3,Business,2,Sports
"EU Clears Flextronics Purchase of Units (AP) AP - European Union regulators Friday cleared Singapore's Flextronics International Ltd., the world's largest contract electronics manufacturer, to acquire factories from Canada's Nortel Networks Corp.",clear flextronics purchase unit european union regulator friday cleared singapore flextronics international ltd world largest contract electronics manufacturer acquire factory canada nortel network corp,1,World,3,Business
"Times to Scrap Broadsheet Edition The Times is to scrap its broadsheet edition and go tabloid from Monday, it was confirmed today. The decision was made after a trial run of the compact edition proved a success, said editor Robert Thomson.",time scrap broadsheet edition time scrap broadsheet edition tabloid monday confirmed today decision made trial run compact edition proved success said editor robert thomson,2,Sports,4,Sci/Tech
AOL's Viral Marketing America Online will now provide gratis antivirus protection to its subscribers.,aol viral marketing america online provide gratis antivirus protection subscriber,3,Business,4,Sci/Tech
Danish group #39;s gift criticized A Danish group has caused controversy in Colombia by publicly donating money to the country #39;s largest Marxist guerrilla organization.,danish group gift criticized danish group caused controversy colombia publicly donating money country largest marxist guerrilla organization,1,World,3,Business
"After the Lord Mayor #39;s show It is just six days since the  #39;mulligatawny madness #39; at Old Trafford, but the shock waves are still reverberating around the Arsenal dressing room.",lord mayor show six day since mulligatawny madness old trafford shock wave still reverberating around arsenal dressing room,2,Sports,1,World
"THE UNFOLDING UNIFORM Pakistan is inherently unstable. Dealing with them is like playing with matches in a forest. - Larry Pressler. That statement from Larry Pressler, made during his recent visit to India, coincided with ",unfolding uniform pakistan inherently unstable dealing like playing match forest larry pressler statement larry pressler made recent visit india coincided,1,World,2,Sports
"FasTrak Toll Bridge Discounts End Monday About 70,000 motorists signed up for FasTrak, the electronic toll collection system, since July 1, when tolls went up from \$2 to \$3.",fastrak toll bridge discount end monday motorist signed fastrak electronic toll collection system since july toll went,3,Business,4,Sci/Tech
"Cast-aside candidates grab onto Sox coattails By Raphael Lewis and Benjamin Gedan, Globe Staff and Globe Correspondent  October 31, 2004. Republican state Senate candidate Rod Jane of Westborough woke up yesterday with a plan to grab some attention from ",cast aside candidate grab onto sox coattail raphael lewis benjamin gedan globe staff globe correspondent october republican state senate candidate rod jane westborough woke yesterday plan grab attention,2,Sports,1,World
"Key Australia-US FTA deadline passes A key deadline to bring Australia #39;s Free Trade Agreement with the United States into force has expired. But the Australian Government is still confident the deal will come into effect next year, as Louise Willis reports.",key australia fta deadline pass key deadline bring australia free trade agreement united state force expired australian government still confident deal come effect next year louise willis report,3,Business,1,World
"Med school move delayed to 2007 The MSU College of Human Medicine won #39;t be relocated to Grand Rapids until at least 2007, and could cost only half as much as university officials originally estimated.",med school move delayed msu college human medicine relocated grand rapid least could cost half much university official originally estimated,3,Business,4,Sci/Tech
"Allergan to close contact-lens solution plant, lay off third of &lt;b&gt;...&lt;/b&gt; Allergan Inc., the US drug company that makes the anti-wrinkle treatment Botox as well as contract lens solution at its Irish factory, plans to lay off more than a third of its Irish workforce as it ends its lens solution operations and ",allergan close contact lens solution plant lay third allergan inc drug company make anti wrinkle treatment botox well contract lens solution irish factory plan lay third irish workforce end lens solution operation,3,Business,4,Sci/Tech
"AOL Is Said to Plan 700 Layoffs America Online, the country #39;s leading Internet service, is preparing to lay off as many as 700 of its 13,000 employees in the United States, according to an executive knowledgeable about its plans.",aol said plan layoff america online country leading internet service preparing lay many employee united state according executive knowledgeable plan,3,Business,4,Sci/Tech
FleetCenter to be reunion arena It has all the gossipy intrigue and social awkwardness of seating the still-respected ex-wife and the sexy new girlfriend at the same table for a family wedding.,fleetcenter reunion arena gossipy intrigue social awkwardness seating still respected wife sexy new girlfriend table family wedding,2,Sports,1,World
"Stocks Leap, Dow Up 142 Points at Open US stocks soared at the open on Wednesday as investors bet that George W. Bush would soon be declared the winner in the tight presidential race despite disputed results in the key state of Ohio.",stock leap dow point open stock soared open wednesday investor bet george bush would soon declared winner tight presidential race despite disputed result key state ohio,3,Business,1,World
"Gateway Can Party Like It #39;s 1999 Those were heady days, they were, back in 1999. The bull market was still roaring. We hadn #39;t yet heard of hanging or dimpled chads.",gateway party like heady day back bull market still roaring yet heard hanging dimpled chad,4,Sci/Tech,3,Business
"SIA: Chip sales to hit record, flatten Worldwide semiconductor sales will hit an all-time high in 2004 but stay relatively flat in 2005 before climbing again over the next two years, according to the Semiconductor Industry Association.",sia chip sale hit record flatten worldwide semiconductor sale hit time high stay relatively flat climbing next two year according semiconductor industry association,3,Business,4,Sci/Tech
"Quick end to US election crucial US President George W. Bush is on the verge of a re-election victory, but Democratic challenger John Kerry is not conceding defeat, at least not now.",quick end election crucial president george bush verge election victory democratic challenger john kerry conceding defeat least,3,Business,1,World
"Update 1: Toshiba, TCL to Cooperate on Appliances Focusing on the fast-growing Chinese market, Japan #39;s Toshiba and major Chinese appliance maker TCL have signed a broad agreement to cooperate in making and marketing appliances in China, the companies said Thursday.",update toshiba tcl cooperate appliance focusing fast growing chinese market japan toshiba major chinese appliance maker tcl signed broad agreement cooperate making marketing appliance china company said thursday,3,Business,4,Sci/Tech
"Another homicide in Holland  It is a sad day.      In what seems to be another politically inspired homicide in Holland, Dutch filmmaker, and controversial columnist Theo van Gogh was brutally murdered in the streets of Amsterdam this morning.",another homicide holland sad day seems another politically inspired homicide holland dutch filmmaker controversial columnist theo van gogh brutally murdered street amsterdam morning,4,Sci/Tech,1,World
"Argentina Basketball Coach Magnano Quits Ruben Magnano, who coached Argentina to the Olympic basketball gold medal in Athens, resigned Thursday to accept a coaching job in Italy.",argentina basketball coach magnano quits ruben magnano coached argentina olympic basketball gold medal athens resigned thursday accept coaching job italy,1,World,2,Sports
"Product Previews palmOneUpgrades Treo With Faster Chip, Better Display\With more than 600,000 units shipped, the Treo 600 is one of the big smartphone success stories. Last week, palmOne introduced the follow-on Treo 650 with a higher resolution 320-by-320-pixel TFT screen, which the company claims increases the visible area of the display and makes pictures and documents much clearer. The 650 also carries a removable battery; 32MB of flash memory, and a faster 312MHz, Intel XScale processor. Improved multimedia features include a built-in MP3 player, a digital camera with improved low-light capabilities, as well as video capture and playback functionality. Products are expected to ship by years end from some carriers who will add their own services, and will be priced at about \$499.\ Treo 650, palmOne",product preview palmoneupgrades treo faster chip better display unit shipped treo one big smartphone success story last week palmone introduced follow treo higher resolution pixel tft screen company claim increase visible area display make picture document much clearer also carry removable battery flash memory faster mhz intel xscale processor improved multimedia feature include built player digital camera improved low light capability well video capture playback functionality product expected ship year end carrier add service priced treo palmone,3,Business,4,Sci/Tech
Wells Fargo computers stolen Identity thieves may have obtained information on thousands of Wells Fargo mortgage and student loan customers.,well fargo computer stolen identity thief may obtained information thousand well fargo mortgage student loan customer,4,Sci/Tech,3,Business
Japan Airlines Sees Profit on Int'l Travel (AP) AP - Japan Airlines Corp. said Friday that it returned to profitability in first half of the fiscal year as international travel picked up from a decline a year ago caused by the war in Iraq and the SARS outbreak in Asia.,japan airline see profit int travel japan airline corp said friday returned profitability first half fiscal year international travel picked decline year ago caused war iraq sars outbreak asia,1,World,3,Business
"Serial HIV Assault Verdict Expected Mon. (AP) AP - A verdict will be announced Monday in the trial of a man charged with intentionally exposing 17 women to HIV, a county judge said.",serial hiv assault verdict expected mon verdict announced monday trial man charged intentionally exposing woman hiv county judge said,4,Sci/Tech,1,World
"Contradiction in Terms : How to make beer It's been around for thousands of years. It has been worshiped, reviled, banned, and made the cornerstone of economies. It has helped us celebrate, weep, relax, and get laid. And now we're going to make some. A pint, a glass, an ale, a lager, a beer.",contradiction term make beer around thousand year worshiped reviled banned made cornerstone economy helped celebrate weep relax get laid going make pint glass ale lager beer,4,Sci/Tech,3,Business
Hope Fades for Saving 2 Boys Stuck in Mexico Cave (Reuters) Reuters - Hopes of rescuing two small boys\trapped for five days in a jungle cave faded fast on Friday\after contact was lost with the brothers and as the cavern\flooded in overnight rains.,hope fade saving boy stuck mexico cave reuters reuters hope rescuing two small boy trapped five day jungle cave faded fast friday contact lost brother cavern flooded overnight rain,4,Sci/Tech,1,World
Microsoft braces for crucial TV test Comcast trials will provide a big clue about the software giant's prospects for cable success.,microsoft brace crucial test comcast trial provide big clue software giant prospect cable success,4,Sci/Tech,3,Business
"Atomic Power Station Halted in Russia, No Radiation  MOSCOW (Reuters) - One reactor at a Russian nuclear power  station was closed down after a malfunction, but there was no  leak of radiation at the site near the city of Saratov on the  Volga river, Russian news agencies reported on Friday.",atomic power station halted russia radiation moscow reuters one reactor russian nuclear power station closed malfunction leak radiation site near city saratov volga river russian news agency reported friday,1,World,4,Sci/Tech
"Ontario gets harsh with school dropouts HUNTSVILLE, ONT. - The Ontario government plans to introduce legislation that will require students to stay in school until they reach the age of 18, said the province?",ontario get harsh school dropout huntsville ont ontario government plan introduce legislation require student stay school reach age said province,3,Business,4,Sci/Tech
Flat-screen TV prices are falling for holidays But trend provokes industry unrest; panel makers call for drop in retail markups to move units. By Evan Ramstad and Gary McWilliams.,flat screen price falling holiday trend provokes industry unrest panel maker call drop retail markup move unit evan ramstad gary mcwilliams,4,Sci/Tech,3,Business
"South Korea planning huge spending to revive economy: report (AFP) AFP - The South Korean government is preparing a huge  quot;New Deal quot; spending package in the next few years to revive the country's sagging economy, Yonhap news agency said.",south korea planning huge spending revive economy report afp afp south korean government preparing huge quot new deal quot spending package next year revive country sagging economy yonhap news agency said,3,Business,1,World
"Travelocity Says Speed Is the Ticket For Growth Sam Gilliand, the chief executive of Travelocity, talks about the online travel industry, the Cendant-Orbitz merger and the woes of the airline industry.",travelocity say speed ticket growth sam gilliand chief executive travelocity talk online travel industry cendant orbitz merger woe airline industry,4,Sci/Tech,3,Business
"Study raises stent doubts Heart patients aren #39;t more likely to live long term after getting the artery-opening tubes called stents, according to a study released yesterday by researchers at Duke University.",study raise stent doubt heart patient likely live long term getting artery opening tube called stent according study released yesterday researcher duke university,3,Business,4,Sci/Tech
"Flat-screen TV But the booming demand isn #39;t proving profitable for the companies that make the high-resolution video panels. For electronics retailers, it will be the holiday season of the flat-screen TV.",flat screen booming demand proving profitable company make high resolution video panel electronics retailer holiday season flat screen,4,Sci/Tech,3,Business
"Microsoft settles antitrust cases with Novell, CCIA Microsoft Corp on Monday announced antitrust settlements with Novell Inc. and the Computer and Communications Industry Association (CCIA), ending years of legal wrangling.",microsoft settle antitrust case novell ccia microsoft corp monday announced antitrust settlement novell inc computer communication industry association ccia ending year legal wrangling,4,Sci/Tech,3,Business
"Alternative Energy: Ready or not? Even with a boost from higher oil prices and growing concern about global warming, the payoff on most alternative energy technologies seems a ways off.",alternative energy ready even boost higher oil price growing concern global warming payoff alternative energy technology seems way,3,Business,4,Sci/Tech
"Cellphones outstrip landlines in India (AFP) AFP - Mobile phone users have outstripped traditional landline connections in India, the government announced.",cellphone outstrip landline india afp afp mobile phone user outstripped traditional landline connection india government announced,4,Sci/Tech,1,World
Postal Service to Use Motorola Devices (AP) AP - Motorola Israel Ltd. said Monday it will provide the U.S. Postal Service with new hand-held scanning devices under a three-year deal worth about  #36;300 million.,postal service use motorola device motorola israel ltd said monday provide postal service new hand held scanning device three year deal worth million,4,Sci/Tech,3,Business
Australia in grip of water crisis There is a warning that some of Australia's major cities could run out of drinking water.,australia grip water crisis warning australia major city could run drinking water,4,Sci/Tech,1,World
"Cocoa prices down but Ivorian exports still blocked World cocoa prices were down on Tuesday but off the day #39;s lows as exports remained on hold after mob violence and military clashes in Ivory Coast, the key global supplier, traders said.",cocoa price ivorian export still blocked world cocoa price tuesday day low export remained hold mob violence military clash ivory coast key global supplier trader said,1,World,3,Business
"US rate rise locked in for Wednesday (AFP) AFP - The unexpected boom in US job creation in October has locked in an interest rate rise and will likely encourage another tightening in December, analysts said.",rate rise locked wednesday afp afp unexpected boom job creation october locked interest rate rise likely encourage another tightening december analyst said,3,Business,1,World
"The Bag of Aeolus  quot;Aeolus was keeper of the winds. He gave a bag of evil winds to Odysseus, instructing him to keep it closed while a good breeze wafted him home.",bag aeolus quot aeolus keeper wind gave bag evil wind odysseus instructing keep closed good breeze wafted home,1,World,3,Business
"Cisco Systems 1st-Quarter Earnings Rise (Reuters) Reuters - Cisco Systems Inc., the biggest maker\of equipment that directs data over the Internet, on Tuesday\said quarterly earnings rose 29 percent on rising demand for\its networking gear.",cisco system quarter earnings rise reuters reuters cisco system inc biggest maker equipment directs data internet tuesday said quarterly earnings rose percent rising demand networking gear,3,Business,4,Sci/Tech
Fusion reactor decision must wait Six nations planning to build the world's biggest nuclear fusion reactor fail to agree where to site the facility.,fusion reactor decision must wait six nation planning build world biggest nuclear fusion reactor fail agree site facility,4,Sci/Tech,1,World
PeopleSoft revises third-quarter profit Oracle target adds \$2.6 million to bottom line after tax adjustment related to ex-CEO's severance package.,peoplesoft revise third quarter profit oracle target add million bottom line tax adjustment related ceo severance package,4,Sci/Tech,3,Business
"Chips are down in tech world EUROPE #39;s biggest chipmaker, Infineon, rocked the technology world today as profits fell e100m (70m) short of analysts #39; expectations.",chip tech world europe biggest chipmaker infineon rocked technology world today profit fell short analyst expectation,3,Business,4,Sci/Tech
"Vodafone begins 3G service Vodafone launches its third-generation services for mobile phones, offering video calls, music downloads and games.",vodafone begin service vodafone launch third generation service mobile phone offering video call music downloads game,3,Business,4,Sci/Tech
"(B)old new frontiers Northrop Grumman Corp. and Boeing Co. yesterday announced plans to team up to design a vehicle to take astronauts back to the moon and even beyond, but they #39;ve got to make one stop first ",old new frontier northrop grumman corp boeing yesterday announced plan team design vehicle take astronaut back moon even beyond got make one stop first,3,Business,4,Sci/Tech
"Cable and Wireless to cut 600 jobs, shut London headquarters (AFP) AFP - Cable and Wireless, the struggling British telecoms group, said it would cut 600 jobs across Europe, part company with a top executive and shut its London headquarters.",cable wireless cut job shut london headquarters afp afp cable wireless struggling british telecom group said would cut job across europe part company top executive shut london headquarters,4,Sci/Tech,3,Business
Toile Gets A Makeover The traditional pattern shakes its fussy image as designers give it a new look,toile get makeover traditional pattern shake fussy image designer give new look,3,Business,1,World
"Residents Protest Nation #39;s First Hydrogen Refueling Station Two dozen protesters greeted Mayor Tony Williams and top executives of Shell, who came to open North America #39;s first hydrogen refueling station.",resident protest nation first hydrogen refueling station two dozen protester greeted mayor tony williams top executive shell came open north america first hydrogen refueling station,3,Business,4,Sci/Tech
Halo 2 scores record sales of \$125 million in first 24 hours Halo 2 broke entertainment retail records in its first 24 hours. Microsoft Game Studios said that the video game sold through 2.4 million stores in the US and Canada raking in \$125 million in sales.,halo score record sale million first hour halo broke entertainment retail record first hour microsoft game studio said video game sold million store canada raking million sale,3,Business,4,Sci/Tech
"Prized Fossil Just a Rock? With positive and negative results, it remains to be seen what type of Fossil this company really is.",prized fossil rock positive negative result remains seen type fossil company really,3,Business,4,Sci/Tech
"Nortel financial filings could be delayed into 2005 Less than a week after it launched a media blitz to boost its image, Nortel Networks Ltd. postponed yet again the release of its financial statements, underlining the company #39;s challenges to steer out of the ",nortel financial filing could delayed less week launched medium blitz boost image nortel network ltd postponed yet release financial statement underlining company challenge steer,3,Business,4,Sci/Tech
"An Unknown Giant Flexes Its Muscles Although virtually unknown in the U.S., Lenovo - in talks to buy I.B.M.'s personal computer business - is China's largest PC maker and the world's fastest growing one.",unknown giant flex muscle although virtually unknown lenovo talk buy personal computer business china largest maker world fastest growing one,4,Sci/Tech,3,Business
"Report: EADS Could Link With Thales The French government is considering a linkup of European Aeronautic Defence  amp; Space Co. with Thales SA to create an aerospace giant, the financial daily Les Echos reported Friday.",report eads could link thales french government considering linkup european aeronautic defence amp space thales create aerospace giant financial daily le echo reported friday,3,Business,1,World
"China's inflation rate slows sharply but problems remain (AFP) AFP - China's inflation rate eased sharply in October as government efforts to cool the economy began to really bite, with food prices, one of the main culprits, showing some signs of slowing, official data showed.",china inflation rate slows sharply problem remain afp afp china inflation rate eased sharply october government effort cool economy began really bite food price one main culprit showing sign slowing official data showed,1,World,3,Business
"France joins Germany, Japan in economic slide (AFP) AFP - The French economy hit a rough patch in the third quarter, throwing the government's full-year growth target into question amid signs of an economic slowdown in the 12-nation eurozone.",france join germany japan economic slide afp afp french economy hit rough patch third quarter throwing government full year growth target question amid sign economic slowdown nation eurozone,3,Business,1,World
BSkyB sees profits rise after strong subscriber growth (AFP) AFP - British satellite broadcaster BSkyB said profit rose by 16 percent in the first quarter as the group enjoyed strong subscriber growth in the run-up to the key Christmas trading period.,bskyb see profit rise strong subscriber growth afp afp british satellite broadcaster bskyb said profit rose percent first quarter group enjoyed strong subscriber growth run key christmas trading period,1,World,4,Sci/Tech
Donors seek clarity on PA finances Donors to the Palestinians are asking  whether the change of leadership can let more light into Palestinian finances.,donor seek clarity finance donor palestinian asking whether change leadership let light palestinian finance,3,Business,1,World
"U.S. to Allow Some Telemarketing 'Robo Calls'  WASHINGTON (Reuters) - Telemarketers will be able to use  prerecorded ""robo calls"" to stay in touch with established  customers starting next week -- at least for the short term,  U.S. regulators said Friday.",allow telemarketing robo call washington reuters telemarketers able use prerecorded robo call stay touch established customer starting next week least short term regulator said friday,4,Sci/Tech,3,Business
Court ruling has fat cats purring THE future of horseracing in Britain was thrown into confusion this week as a result of a judgment by the European Court of Justice.,court ruling fat cat purring future horseracing britain thrown confusion week result judgment european court justice,4,Sci/Tech,1,World
"Asian rust poses problem to area farmers David Martz, like many other area farmers, just sighed upon hearing the news that Asian soybean rust had been discovered in Louisiana.",asian rust pose problem area farmer david martz like many area farmer sighed upon hearing news asian soybean rust discovered louisiana,3,Business,4,Sci/Tech
"Warren tones down his bark  #39; #39;The views of the host do not necessarily reflect the views of the station or its sponsors. #39; #39;. The Browns were not thrilled when Warren said he would gladly pay a \$50,000 fine to rub out Roethlisberger, who ",warren tone bark view host necessarily reflect view station sponsor brown thrilled warren said would gladly pay fine rub roethlisberger,2,Sports,3,Business
"Don King Productions Presents:  quot;Battle For Supremacy quot; On Saturday November 13th, ten misfits, nomads and upstarts seek to wage war or settle the score at the famed Madison Square Garden in New York, New York.",king production present quot battle supremacy quot saturday november ten misfit nomad upstart seek wage war settle score famed madison square garden new york new york,2,Sports,3,Business
Indian PM pledges to protect poor from oil-driven inflation NEW DELHI : Indian Prime Minister Manmohan Singh pledged to try to shield the poor by keeping down prices of essential goods amid rising inflation.,indian pledge protect poor oil driven inflation new delhi indian prime minister manmohan singh pledged try shield poor keeping price essential good amid rising inflation,3,Business,1,World
Will Hutton There were two stories last week that will have world-shaping implications. The first was in a Paris hospital and a compound in Ramallah.,hutton two story last week world shaping implication first paris hospital compound ramallah,3,Business,1,World
Safety Group Closely Echoes Rail Industry Documents show that the nation's most influential rail-safety group is tightly bound to the railroad industry.,safety group closely echo rail industry document show nation influential rail safety group tightly bound railroad industry,1,World,3,Business
"Where have all the people gone? While media and political attention is on the threat of outsourcing, the reality is that outsourcing is a sideshow in a much larger event.",people gone medium political attention threat outsourcing reality outsourcing sideshow much larger event,3,Business,4,Sci/Tech
Boston archbishop reveals anguish of closings BOSTON Boston #39;s Archbishop is telling catholics that the church #39;s financial footing is  quot;much worse than people realize.,boston archbishop reveals anguish closing boston boston archbishop telling catholic church financial footing quot much worse people realize,2,Sports,3,Business
"Dow Jones Agrees to Buy MarketWatch in \$519 Million Deal Dow Jones   Company, the publisher of The Wall Street Journal, has agreed to buy MarketWatch, the parent company of the financial news Web site CBS MarketWatch, for approximately \$519 million, the companies said today.",dow jones agrees buy marketwatch million deal dow jones company publisher wall street journal agreed buy marketwatch parent company financial news web site cbs marketwatch approximately million company said today,1,World,3,Business
Microsoft to hire hundreds in India Microsoft on Tuesday announced its decision to localise Windows and Office software in 14 Indian languages over the next 12 months and that the company would hire  #39;hundreds #39; in India this year.,microsoft hire hundred india microsoft tuesday announced decision localise window office software indian language next month company would hire hundred india year,3,Business,4,Sci/Tech
"INSIDE INFO: Man Utd shares drop MAN UNITED #39;S share price has fallen by just over 2.5, less than expected after the resignation of Malcolm Glazer #39;s bankers JP Morgan.",inside info man utd share drop man united share price fallen less expected resignation malcolm glazer banker morgan,2,Sports,3,Business
"Quietly, tide of opinion turns on Chechen war Although discussion of the war has been marginalized, many experts say Russians may not prefer it that way.",quietly tide opinion turn chechen war although discussion war marginalized many expert say russian may prefer way,1,World,4,Sci/Tech
"Argentina gets China investment China is to invest nearly \$20bn (11bn) in Argentina over the next 10 years, Argentine officials say.",argentina get china investment china invest nearly argentina next year argentine official say,1,World,3,Business
"Producer Price Surge Fuels Inflation Fears Producer prices surged 1.7 percent in October, their sharpest monthly increase in nearly 15 years.",producer price surge fuel inflation fear producer price surged percent october sharpest monthly increase nearly year,1,World,3,Business
"China, Argentina sign 5 cooperation documents China and Argentina signed five agreements in Buenos Aires Tuesday that will allow them to expand cooperation in the areas of trade, space, education, tourism and railways.",china argentina sign cooperation document china argentina signed five agreement buenos aire tuesday allow expand cooperation area trade space education tourism railway,3,Business,1,World
Judge asked to penalize Microsoft over e-mails Burst.com asked a US judge to penalize Microsoft for destroying e-mails it says the world #39;s largest software company should have preserved as evidence in antitrust suits.,judge asked penalize microsoft mail burst com asked judge penalize microsoft destroying mail say world largest software company preserved evidence antitrust suit,3,Business,4,Sci/Tech
Press review 0850CET--The seizure of fake Nike sportswear by the Customs Department was one of the main stories on Wednesday #39;s newspapers. L-Orizzont published ,press review cet seizure fake nike sportswear custom department one main story wednesday newspaper orizzont published,4,Sci/Tech,1,World
"ConocoPhillips boosts LUKoil stake to 10 percent (AFP) AFP - US oil major ConocoPhillips has boosted its stake in Russia's second-largest oil producer LUKoil to 10 percent, giving Conoco at least one representative on LUkoil's board.",conocophillips boost lukoil stake percent afp afp oil major conocophillips boosted stake russia second largest oil producer lukoil percent giving conoco least one representative lukoil board,1,World,3,Business
Swedes beam poetry into outer space (Reuters) Reuters - Swedish poets have broadcast their work into outer space by radio to give alien life forms -- if they exist -- a taste\of earthling literature.,swede beam poetry outer space reuters reuters swedish poet broadcast work outer space radio give alien life form exist taste earthling literature,1,World,4,Sci/Tech
TV's Passport Stamp of Approval The sixth season of a popular reality television show is ready to rock the world.,passport stamp approval sixth season popular reality television show ready rock world,3,Business,4,Sci/Tech
Cricket: NZ suffer Franklin blow New Zealand bowler James Franklin misses the first Test against Australia with  injury.,cricket suffer franklin blow new zealand bowler james franklin miss first test australia injury,1,World,2,Sports
"Nursery rhymes more violent than TV (Reuters) Reuters - Children's nursery rhymes contain 10 times more violence than television shows broadcast before the\9 p.m. ""watershed"" after which more adult content can be shown, research has said.",nursery rhyme violent reuters reuters child nursery rhyme contain time violence television show broadcast watershed adult content shown research said,1,World,4,Sci/Tech
"New York Unveils Last, Best Bid to Gain the Olympics in 2012 Leaders of the NYC2012 committee highlighted New York's advantages in multiculturalism, money and media power.",new york unveils last best bid gain olympics leader nyc committee highlighted new york advantage multiculturalism money medium power,2,Sports,1,World
"India desperate for jobs, infrastructure despite economic boom (AFP) AFP - Despite India's economic boom in software and outsourcing services, economists have warned the government needs more reforms to create jobs in manufacturing to cut poverty.",india desperate job infrastructure despite economic boom afp afp despite india economic boom software outsourcing service economist warned government need reform create job manufacturing cut poverty,1,World,3,Business
"Russia #39;s Putin Defends Reforms, Worries About Clans Russian President Vladimir Putin said on Thursday he had no plans to grab more power or change the constitution when reforming Russia #39;s government structure.",russia putin defends reform worry clan russian president vladimir putin said thursday plan grab power change constitution reforming russia government structure,3,Business,1,World
"SBC and Yahoo! extend pact to offer Internet service SAN ANTONIO SBC Communications and Yahoo are expanding their high-speed Internet service partnership to link video, wireless phone, Internet and other services.",sbc yahoo extend pact offer internet service san antonio sbc communication yahoo expanding high speed internet service partnership link video wireless phone internet service,3,Business,4,Sci/Tech
"Suspect Animal Tested for Mad Cow Disease  WASHINGTON (Reuters) - Government scientists are chasing a  possible new case of mad cow disease in the United States, with  final results on a suspicious slaughtered animal expected in  coming days, officials said on Thursday.",suspect animal tested mad cow disease washington reuters government scientist chasing possible new case mad cow disease united state final result suspicious slaughtered animal expected coming day official said thursday,3,Business,1,World
"US May Have New Case of Mad Cow Disease  WASHINGTON (Reuters) - A final test is likely to confirm a  second U.S. case of mad cow disease, experts said on Thursday,  though they see a small possibility the animal, which tested  ""inconclusive"" in two preliminary tests, could be given a clean  bill of health.",may new case mad cow disease washington reuters final test likely confirm second case mad cow disease expert said thursday though see small possibility animal tested inconclusive two preliminary test could given clean bill health,3,Business,1,World
"IBM Says Swamps Rivals in Key UNIX Computer Test IBM (IBM.N: Quote, Profile, Research) said on Thursday its workhorse commercial computers have smashed the industry #39;s most demanding tests, which analysts said creates ",ibm say swamp rival key unix computer test ibm ibm quote profile research said thursday workhorse commercial computer smashed industry demanding test analyst said creates,4,Sci/Tech,3,Business
"A Bit of Wall St. on the Tigris The 150 brokers and traders on the Iraq Stock Exchange are not waiting for the war to end, buying and selling orders a few hundred yards away from the fighting.",bit wall tigris broker trader iraq stock exchange waiting war end buying selling order hundred yard away fighting,1,World,3,Business
"Aussies battle EU over cheese, champagne AP - The United States and Australia have prevailed in an interim ruling by World Trade Organisation (WTO) in a dispute over the protection given by the European Union to its regional goods such as Champagne wine and Feta cheese, trade officials said.",aussie battle cheese champagne united state australia prevailed interim ruling world trade organisation wto dispute protection given european union regional good champagne wine feta cheese trade official said,3,Business,1,World
"A Fair Tax Some say a ""fair tax"" that removes the need to file tax returns from the vast majority of the citizenry is a national sales tax.  This doesn't seem to be very fair to people trying to feed, house and clothe themselves and seems to subsidize large land holders (Bush's favorite constituency).  There is a tax that lives up to the promises broken by Bush's proposal for a national sales tax.",fair tax say fair tax remove need file tax return vast majority citizenry national sale tax seem fair people trying feed house clothe seems subsidize large land holder bush favorite constituency tax life promise broken bush proposal national sale tax,4,Sci/Tech,3,Business
Yahoo and SBC extend partnership and plan new services Yahoo and SBC Communications have agreed to collaborate to extend some of the online services and content they currently provide to PC users to mobile phones and home entertainment devices.,yahoo sbc extend partnership plan new service yahoo sbc communication agreed collaborate extend online service content currently provide user mobile phone home entertainment device,3,Business,4,Sci/Tech
"BearingPoint CFO Out; Error Found McLean technology consulting company BearingPoint Inc. said yesterday that its chief financial officer, Robert S. Falcone, would retire on Nov. 30.",bearingpoint cfo error found mclean technology consulting company bearingpoint inc said yesterday chief financial officer robert falcone would retire nov,4,Sci/Tech,3,Business
Football: Brazil legend's UK debut Brazil football great Socrates is set to make his debut for non-league Garforth Town on Saturday.,football brazil legend debut brazil football great socrates set make debut non league garforth town saturday,1,World,2,Sports
Football: Spanish FA apologises The Spanish FA apologises to its English counterparts following racist chanting.,football spanish apologises spanish apologises english counterpart following racist chanting,1,World,2,Sports
Lazarus-like virus hits computers A new computer virus is catching people out by coming back from the dead.,lazarus like virus hit computer new computer virus catching people coming back dead,3,Business,4,Sci/Tech
Greenspan issues new warning over US current account deficit (AFP) AFP - US Federal Reserve chairman Alan Greenspan said the United States' huge current account deficit cannot be indefinitely financed by foreign countries and investors.,greenspan issue new warning current account deficit afp afp federal reserve chairman alan greenspan said united state huge current account deficit indefinitely financed foreign country investor,3,Business,1,World
"Bush Signs Into Law Debt Ceiling Increase &lt;p&gt;&lt;/p&gt;&lt;p&gt; WASHINGTON (Reuters) - President Bush on Friday signed intolaw a measure authorizing an \$800 billion increase in thecredit limit of the United States, the White House said.&lt;/p&gt;",bush sign law debt ceiling increase washington reuters president bush friday signed intolaw measure authorizing billion increase thecredit limit united state white house said,1,World,3,Business
"Tacoma weathers ERP and CRM 'perfect storm' Problems with a \$50 million-plus rollout of SAP's ERP, CRM and other business apps in the city of Tacoma, Wash., have generated a storm of end-user complaints, bad press and a call for an independent audit of the situation.",tacoma weather erp crm perfect storm problem million plus rollout sap erp crm business apps city tacoma wash generated storm end user complaint bad press call independent audit situation,4,Sci/Tech,3,Business
UN deadlock defeats cloning ban The United Nations has shelved efforts to draft a treaty banning the cloning of human embryos in a setback for the Bush administration.,deadlock defeat cloning ban united nation shelved effort draft treaty banning cloning human embryo setback bush administration,1,World,4,Sci/Tech
Congress Sends 'Net Access Ban to White House The U.S. Congress on Friday reinstated a ban on Internet access taxes after the House of Representatives agreed to extend it for another three years rather than make it permanent.,congress sends net access ban white house congress friday reinstated ban internet access tax house representative agreed extend another three year rather make permanent,4,Sci/Tech,3,Business
Next Big Hit at the Modern: Its Reopening The buzz over the greatly enlarged museum is expected to turn into a cacophony on Saturday.,next big hit modern reopening buzz greatly enlarged museum expected turn cacophony saturday,1,World,3,Business
England humble Sprinboks Charlie Hodgson scores 27 points as England overwhelm the Springboks at Twickenham.,england humble sprinboks charlie hodgson score point england overwhelm springbok twickenham,1,World,2,Sports
Senators Want Boeing Deal Investigated Leaders of the Senate Armed Services Committee asked the Defense Department on Friday to have its inspector general #39;s office investigate the Air Force #39;s effort to ,senator want boeing deal investigated leader senate armed service committee asked defense department friday inspector general office investigate air force effort,3,Business,1,World
"Will there be peace in Great Lakes region? To coordinate and cooperate or not to, that is where the rub is, and that is the key issue when it comes to answering the question whether there will be peace in the Great Lakes region.",peace great lake region coordinate cooperate rub key issue come answering question whether peace great lake region,1,World,4,Sci/Tech
Special to ESPN.com It #39;s the age old question:  quot;What do you give to the man who #39;s been everything? quot;. Only time will tell whether Phil Knight #39;s retirement will be as long-lived as so many players he paid to endorse Nike.,special espn com age old question quot give man everything quot time tell whether phil knight retirement long lived many player paid endorse nike,3,Business,2,Sports
"Rats in Mouse #39;s house? Remember John Edwards Two Americas campaign theme? It occurred to me how well that theme fits the corporate world. For proof, look no further than the stockholder lawsuit against Walt Disney Co.",rat mouse house remember john edward two america campaign theme occurred well theme fit corporate world proof look stockholder lawsuit walt disney,3,Business,1,World
Google creators in share sell-off Google founders Larry Page and Sergey Brin have announced plans to sell millions of shares in the web search company they launched in 1998.,google creator share sell google founder larry page sergey brin announced plan sell million share web search company launched,3,Business,4,Sci/Tech
"HGS Picks Watkins as New Chief Executive  Human Genome Sciences Inc. plans to announce today that it has hired a 20-year product development veteran from Abbott Laboratories Inc. as chief executive. H. Thomas Watkins, 51, will face the challenge of completing the Rockville company's makeover from gene hunter to drug marketer.",hg pick watkins new chief executive human genome science inc plan announce today hired year product development veteran abbott laboratory inc chief executive thomas watkins face challenge completing rockville company makeover gene hunter drug marketer,3,Business,4,Sci/Tech
"Google targets software giant  SEATTLE -- Not too long ago, Google Inc. seemed little more than a pesky insect to Microsoft Corp.'s 800-pound gorilla.",google target software giant seattle long ago google inc seemed little pesky insect microsoft corp pound gorilla,3,Business,4,Sci/Tech
Before-the-Bell: GenCorp Falls 5.6 Pct. (Reuters) Reuters - Shares of GenCorp Inc.  fell 5.6\percent before the opening bell on Monday after investment fund\Steel Partners withdrew its proposal to acquire the aerospace\and real estate company.,bell gencorp fall pct reuters reuters share gencorp inc fell percent opening bell monday investment fund steel partner withdrew proposal acquire aerospace real estate company,4,Sci/Tech,3,Business
"Thomson Joins Microsoft-Time Warner Deal (AP) AP - French technology company Thomson SA said Monday it was joining Microsoft Corp. and Time Warner Inc.'s proposed venture to make anti-piracy software, a move that could relieve European Union concerns about the pending deal.",thomson join microsoft time warner deal french technology company thomson said monday joining microsoft corp time warner inc proposed venture make anti piracy software move could relieve european union concern pending deal,4,Sci/Tech,3,Business
Thomson joins takeover bid for ContentGuard Thomson joined Microsoft and Time Warner on Monday in trying to take control of U.S. digital rights management (DRM) company ContentGuard Holdings.,thomson join takeover bid contentguard thomson joined microsoft time warner monday trying take control digital right management drm company contentguard holding,4,Sci/Tech,3,Business
Google Founders Selling Off Stock Google Founders Selling Off Stock\\Is this a sign that Google stack is overpriced? Or does it just mean that since there is so much interest in Google and its shares right now that the founders decided to sell off a big part of their holdings with the search engine. Dow ...,google founder selling stock google founder selling stock sign google stack overpriced mean since much interest google share right founder decided sell big part holding search engine dow,4,Sci/Tech,3,Business
"Ivory Coast violence deals economic blow Burned, looted shops dot the commercial capital. European airlines have suspended flights. And only a few ships remain in what was one of West Africa #39;s busiest ports.",ivory coast violence deal economic blow burned looted shop dot commercial capital european airline suspended flight ship remain one west africa busiest port,1,World,3,Business
Banks seek court ruling over F1 Three banks go to the High Court in London seeking a ruling which could lead to Bernie Ecclestone losing control of Formula One racing.,bank seek court ruling three bank high court london seeking ruling could lead bernie ecclestone losing control formula one racing,3,Business,2,Sports
Federal CISOs Rank Patch Management As Biggest Obstacle Survey by Intelligent Decisions indicates that patch management leaves less time for chief information security officers to work on improving overall security.,federal cisos rank patch management biggest obstacle survey intelligent decision indicates patch management leaf less time chief information security officer work improving overall security,3,Business,4,Sci/Tech
Update: PeopleSoft board won't negotiate Oracle takeover PeopleSoft executives said over the weekend that they won't discuss a sale to Oracle at a price of \$24 per share but would consider an offer at a higher price.,update peoplesoft board negotiate oracle takeover peoplesoft executive said weekend discus sale oracle price per share would consider offer higher price,4,Sci/Tech,3,Business
"Alamosa Offers to Buy AirGate (Reuters) Reuters - Alamosa Holdings Inc.  said\on Monday it made an unsolicited bid for AirGate PCS Inc.\ worth about  #36;380 million, which would create one of\the largest sellers of wireless telephone service under the\Sprint  brand.",alamosa offer buy airgate reuters reuters alamosa holding inc said monday made unsolicited bid airgate pc inc worth million would create one largest seller wireless telephone service sprint brand,4,Sci/Tech,3,Business
"The Handbag? Total Knockoff. The Price Tag? All Too Real. It is as much a rite of the New York holiday season as sidewalk Santas or crowded Fifth Avenue sidewalks: the proliferation of hawkers selling counterfeit products like the fake Fendi handbag, the replica Rolex watch and the pirated DVD.",handbag total knockoff price tag real much rite new york holiday season sidewalk santa crowded fifth avenue sidewalk proliferation hawker selling counterfeit product like fake fendi handbag replica rolex watch pirated dvd,3,Business,4,Sci/Tech
"Cingular to Cut About 7,000 Jobs (Reuters) Reuters - Cingular Wireless will cut about 7,000\jobs, or 10 percent of its work force, to cut costs as it\integrates recently purchased AT T Wireless, the company said\on Tuesday.",cingular cut job reuters reuters cingular wireless cut job percent work force cut cost integrates recently purchased wireless company said tuesday,4,Sci/Tech,3,Business
"Bride of Kazaa Arnold Schwarzenegger married a Kennedy. Michael Jackson married a Presley. And Kazaa married an Internet phone company. Beginning Monday, the latest version of the embattled file sharing companys software ",bride kazaa arnold schwarzenegger married kennedy michael jackson married presley kazaa married internet phone company beginning monday latest version embattled file sharing company software,4,Sci/Tech,1,World
"Cingular to Reduce Work Force by Roughly 10 Percent, CEO Says Cingular Wireless LLC, the nation's largest cell phone company, will cut about 10 percent of its 68,000 jobs over the next 12 to 18 months as it combines operations with the recently acquired AT T Wireless, Cingular's chief executive said Tuesday.",cingular reduce work force roughly percent ceo say cingular wireless llc nation largest cell phone company cut percent job next month combine operation recently acquired wireless cingular chief executive said tuesday,4,Sci/Tech,3,Business
"EasyGroup close to launching low-cost mobile phone service (AFP) AFP - EasyGroup, the holding company of no-frills British airline easyJet, is close to striking a deal to launch a low-cost mobile telephone service in Britain, the Financial Times reported.",easygroup close launching low cost mobile phone service afp afp easygroup holding company frill british airline easyjet close striking deal launch low cost mobile telephone service britain financial time reported,1,World,4,Sci/Tech
"Streamlined Cable TV in a Card An innovation called the CableCard, which slides into a slot on the back of many new TV sets, is meant to eliminate the cable box. So why aren't cable customers hearing more about it?",streamlined cable card innovation called cablecard slide slot back many new set meant eliminate cable box cable customer hearing,4,Sci/Tech,3,Business
"FBI Interviews Halliburton Whistleblower Bunnatine Greenhouse, chief contracting officer of the Army Corps of Engineers, is seen in her official undated government photo. FBI agents recently spent a day interviewing Greenhouse, the Army contracting ",fbi interview halliburton whistleblower bunnatine greenhouse chief contracting officer army corp engineer seen official undated government photo fbi agent recently spent day interviewing greenhouse army contracting,3,Business,1,World
Nintendo Returns to Profit (AP) AP - Nintendo Co. returned to profit in the first half of the fiscal year from a loss a year ago as the Japanese video-game maker erased foreign exchange losses and turned more profit with game-software sales.,nintendo return profit nintendo returned profit first half fiscal year loss year ago japanese video game maker erased foreign exchange loss turned profit game software sale,4,Sci/Tech,3,Business
"Cordio paves the way For the last six years, the Leominster Blue Devils have endured a Thanksgiving Day filled with frustration instead of celebration.",cordio pave way last six year leominster blue devil endured thanksgiving day filled frustration instead celebration,2,Sports,3,Business
"Marzeoti (4 TDs) paces Shawsheen For years, Shawsheen Tech and Greater Lowell have battled for the William J. Collins Cup on Thanksgiving Day.",marzeoti tds pace shawsheen year shawsheen tech greater lowell battled william collins cup thanksgiving day,2,Sports,3,Business
"Douglas, Fraser, and blue await you Jim McLeod has a great day job, but a seasonal sideline is his  #39; #39;tree #39; #39; calling. Throughout the year, he #39;s president and owner of a software company called InfoCode Corp.",douglas fraser blue await jim mcleod great day job seasonal sideline tree calling throughout year president owner software company called infocode corp,3,Business,4,Sci/Tech
Land Rover aims new model at US Land Rover will launch a sports tourer next year in a what is likely to be a test of British carmakers #39; ability to compete in the US.,land rover aim new model land rover launch sport tourer next year likely test british carmaker ability compete,3,Business,4,Sci/Tech
Forecast Frosty for U.S.-Canadian Ties   TORONTO -- The weather won't be the only thing that's cool when President Bush visits neighboring Canada next week.,forecast frosty canadian tie toronto weather thing cool president bush visit neighboring canada next week,1,World,3,Business
"It may be end of line for narrow track Hurricane forecasters debate the usefulness of the  quot;skinny line quot; in tracking maps, and look at more accurate alternatives.",may end line narrow track hurricane forecaster debate usefulness quot skinny line quot tracking map look accurate alternative,3,Business,4,Sci/Tech
"The Shockwaves of Sumatra The Indian Ocean earthquake of December 2004 produced     a shockwave that created tsunamis all across the Indian Ocean. The tsunamis hammered nearby Indonesia and struck as far as     the coast of East Africa. The death toll has climbed over 100,000 and continues to grow.    It also created social shockwaves.  ",shockwaves sumatra indian ocean earthquake december produced shockwave created tsunami across indian ocean tsunami hammered nearby indonesia struck far coast east africa death toll climbed continues grow also created social shockwaves,4,Sci/Tech,1,World
"FDA OKs Scientist Publishing Vioxx Data (AP) AP - The Food and Drug Administration has given a whistle-blower scientist permission to publish data indicating that as many as 139,000 people had heart attacks that may be linked to Vioxx, the scientist's lawyer said Monday.",fda ok scientist publishing vioxx data food drug administration given whistle blower scientist permission publish data indicating many people heart attack may linked vioxx scientist lawyer said monday,1,World,3,Business
"Retail Sees Solid, Not Stellar, Holidays (Reuters) Reuters - Holiday shopping got off to a flying\start in the United States this weekend.",retail see solid stellar holiday reuters reuters holiday shopping got flying start united state weekend,3,Business,4,Sci/Tech
Signs of a Glut and Lower Prices on Thin TV's Dont buy that high-definition TV yet. Competition may force the prices down further.,sign glut lower price thin dont buy high definition yet competition may force price,4,Sci/Tech,3,Business
"Discovery Channel Tests Power of Licensing By rushing more than 700 products under the American Chopper brand as part of a new in-house licensing program, the cable channel is relying more heavily on licensing to market shows.",discovery channel test power licensing rushing product american chopper brand part new house licensing program cable channel relying heavily licensing market show,3,Business,4,Sci/Tech
EasyMobile launch set for March Denmark #39;s leading telecoms operator TDC says it will launch a low-budget mobile telephone operator dubbed  quot;easyMobile quot; with mobile network operator T-Mobile in Britain in March 2005.,easymobile launch set march denmark leading telecom operator tdc say launch low budget mobile telephone operator dubbed quot easymobile quot mobile network operator mobile britain march,3,Business,4,Sci/Tech
"Is this the end of IT as we know it? Halsey Minor, CEO of hosted integration provider grand central Communications, has a powerful message for IT: In four years, ... basically the whole notion of enterprise application software is going to be dead. He believes application functionality will instead be available as hosted, pay-per-use services delivered by companies such as Salesforce.com. Putting his money where his mouth is, Minor has recently launched a \$50 million venture capital fund with his own money to fuel on-demand startups. For its part, Grand Central will handle data and process integration between enterprises and multiple on-demand services.",end know halsey minor ceo hosted integration provider grand central communication powerful message four year basically whole notion enterprise application software going dead belief application functionality instead available hosted pay per use service delivered company salesforce com putting money mouth minor recently launched million venture capital fund money fuel demand startup part grand central handle data process integration enterprise multiple demand service,3,Business,4,Sci/Tech
"Toshiba claims Hollywood backing in war for next DVD standard (AFP) AFP - Toshiba said four major Hollywood studios had thrown their crucial weight behind High Definition DVD (HD-DVD), one of two disc formats contending to be the standard in next-generation DVDs.",toshiba claim hollywood backing war next dvd standard afp afp toshiba said four major hollywood studio thrown crucial weight behind high definition dvd dvd one two disc format contending standard next generation dvd,1,World,4,Sci/Tech
A U.S. brain drain? A drop in engineering degrees combined with a fall-off in foreign students matriculating at U.S. colleges spells big trouble ahead.,brain drain drop engineering degree combined fall foreign student matriculating college spell big trouble ahead,4,Sci/Tech,3,Business
"Sony, IBM, Toshiba Give Details of 'Cell' Chip (Reuters) Reuters - IBM , Sony Corp. (6758.T) and\Toshiba Corp. (6502.T) on Monday revealed their plans for the\powerful new ""Cell"" processor the three are jointly producing\to run next-generation computers, game consoles and\televisions.",sony ibm toshiba give detail cell chip reuters reuters ibm sony corp toshiba corp monday revealed plan powerful new cell processor three jointly producing run next generation computer game console television,3,Business,4,Sci/Tech
"With work, Dana-Farber learns from '94 mistakes Nurse Teresa Mazeika has known the woman knitting in the blue reclining chair for months. But she asks Carolyn Harlow her name and birthday anyway, as she approaches with chemotherapy for Harlow's blood cancer. Mazeika, a 17-year nursing veteran at Dana-Farber Cancer Institute, isn't taking any chances that she is about to give the drug to the wrong patient.",work dana farber learns mistake nurse teresa mazeika known woman knitting blue reclining chair month asks carolyn harlow name birthday anyway approach chemotherapy harlow blood cancer mazeika year nursing veteran dana farber cancer institute taking chance give drug wrong patient,3,Business,1,World
Bangladesh bars female swim Pressure from an Islamic group halts a women's swimming contest in Bangladesh. ,bangladesh bar female swim pressure islamic group halt woman swimming contest bangladesh,1,World,2,Sports
Panel Urges N.Y. to Pay \$14 Billion More for City Schools Court-appointed referees recommended the state pay an additional \$14 billion over four years to improve New York City schools.,panel urge pay billion city school court appointed referee recommended state pay additional billion four year improve new york city school,1,World,3,Business
"EPA May Conduct Human Tests for Chemicals (AP) AP - In setting limits on chemicals in food and water, the Environmental Protection Agency may rely on industry tests that expose people to poisons and raise ethical questions.",epa may conduct human test chemical setting limit chemical food water environmental protection agency may rely industry test expose people poison raise ethical question,1,World,4,Sci/Tech
"Local group joins suit to de-list endangered species Bob Briggs wifes family has owned about 1,000 acres of redwood forest off Waddell Creek since 1913. He doesnt clearcut, and logs about once a decade.",local group join suit list endangered specie bob briggs wife family owned acre redwood forest waddell creek since doesnt clearcut log decade,3,Business,4,Sci/Tech
"Cingular to upgrade wireless data network DECEMBER 01, 2004 (REUTERS) - Cingular Wireless LLC, the largest US wireless telephone company, said yesterday that it would upgrade its network next year to handle high-speed data transmissions.",cingular upgrade wireless data network december reuters cingular wireless llc largest wireless telephone company said yesterday would upgrade network next year handle high speed data transmission,3,Business,4,Sci/Tech
"Why 2004 was the year of the blog A US dictionary publisher declares ""blog"" as one of the words of the year.",year blog dictionary publisher declares blog one word year,1,World,4,Sci/Tech
Turkey eyes \$15 billion investment years ANKARA: Turkey is hoping to attract \$15 billion of foreign investment between 2005 and 2007 through reforms designed to overhaul its economy and ease the country #39;s entry into ,turkey eye billion investment year ankara turkey hoping attract billion foreign investment reform designed overhaul economy ease country entry,1,World,3,Business
"Intel planning Centrino-like brand for desktops Intel is preparing a marketing strategy that will brand desktop PCs with a similar label that made its Centrino notebook technology a household name, according to sources familiar with the company's plans.",intel planning centrino like brand desktop intel preparing marketing strategy brand desktop pc similar label made centrino notebook technology household name according source familiar company plan,3,Business,4,Sci/Tech
"India's low-cost airline eyes business travel (AFP) AFP - India's pioneer low-cost carrier Air Deccan plans to raise 50 million dollars in private equity by shedding a 26 percent stake and also aims to enter the corporate business jet segment, its chairman said.",india low cost airline eye business travel afp afp india pioneer low cost carrier air deccan plan raise million dollar private equity shedding percent stake also aim enter corporate business jet segment chairman said,1,World,3,Business
"Plus: Cendant reported to buy Ebookers SAN FRANCISCO (CBS.MW) -- Not only did the word  quot;blog quot; enter Merriam-Webster #39;s dictionary this year, but Microsoft is getting on the personalized e-journal bandwagon.",plus cendant reported buy ebookers san francisco cbs word quot blog quot enter merriam webster dictionary year microsoft getting personalized journal bandwagon,4,Sci/Tech,3,Business
"HAYLEY MICK: Hayley Mick is a journalist currently based in Vancouver. She has broadcast experience with CBC Radio #39;s Quirks and Quarks and has reported for the Vancouver Sun, CBC Online, and the Canadian Press #39;s Ontario and Vancouver bureaus.",hayley mick hayley mick journalist currently based vancouver broadcast experience cbc radio quirk quark reported vancouver sun cbc online canadian press ontario vancouver bureau,1,World,4,Sci/Tech
"Christmas clash over gift choices Children would like expensive hi-tech gifts for Christmas, but few parents are happy to buy these, research suggests.",christmas clash gift choice child would like expensive tech gift christmas parent happy buy research suggests,4,Sci/Tech,3,Business
"Report: IBM's PC business up for sale IBM Corp. has put its PC business up for sale, according to a story published on Friday on the Web site of The New York Times.",report ibm business sale ibm corp put business sale according story published friday web site new york time,4,Sci/Tech,3,Business
"Iraq's Neighbors to Get Little for Environment Loss (Reuters) Reuters - Iraq's neighbors want tens of billions\of dollars for environmental damage done in the 1990-1 Gulf\conflict, but are set to get only paltry funds from the United",iraq neighbor get little environment loss reuters reuters iraq neighbor want ten billion dollar environmental damage done gulf conflict set get paltry fund united,4,Sci/Tech,1,World
Two top Nokia executives resign HELSINKI: Nokia said the respected head of its networks unit had resigned and another top networks official left in the second major departure of top management in two weeks at the world #39;s largest mobile phone maker.,two top nokia executive resign helsinki nokia said respected head network unit resigned another top network official left second major departure top management two week world largest mobile phone maker,3,Business,4,Sci/Tech
Needham downgrades Apple on valuation NEW YORK (Dow Jones/AP) -- Apple Computer Inc. shares fell Friday after Needham  amp; Co. downgraded the stock to hold #39; #39; from buy.,needham downgrade apple valuation new york dow jones apple computer inc share fell friday needham amp downgraded stock hold buy,3,Business,4,Sci/Tech
IBM reported to be exiting PC business IBM #39;s possible exit from the personal-computer business would be the latest move in what amounts to a long goodbye from a field it pioneered and revolutionized.,ibm reported exiting business ibm possible exit personal computer business would latest move amount long goodbye field pioneered revolutionized,3,Business,4,Sci/Tech
"Supreme Court Hears Wine Sales Case Winemakers who want to ship directly to consumers across state lines got a sympathetic hearing at the Supreme Court today, as the justices heard oral arguments in a case that could have a dramatic effect on Internet commerce and states' power to regulate the alcohol trade.",supreme court hears wine sale case winemaker want ship directly consumer across state line got sympathetic hearing supreme court today justice heard oral argument case could dramatic effect internet commerce state power regulate alcohol trade,4,Sci/Tech,3,Business
"BBC 'must keep up' BBC boss Mark Thompson says the corporation must keep up with change, after announcing nearly 3,000 job cuts.",bbc must keep bbc bos mark thompson say corporation must keep change announcing nearly job cut,1,World,3,Business
"Court Hears Interstate Wine Sales Case (AP) AP - The Supreme Court considered Tuesday whether state alcoholic beverage regulations put in place 70 years ago, after Prohibition was lifted, should remain the law of the land in the Internet age.",court hears interstate wine sale case supreme court considered tuesday whether state alcoholic beverage regulation put place year ago prohibition lifted remain law land internet age,1,World,3,Business
"Bipartisan Panel Seeks Greenhouse Gas Limits A bipartisan commission that includes energy industry executives, environmentalists and academics will issue a report Wednesday that calls on the nation to adopt mandatory limits on greenhouse gas emissions linked to global warming, set stricter fuel economy standards and promote nuclear power, renewable energy and oil exploration.",bipartisan panel seek greenhouse gas limit bipartisan commission includes energy industry executive environmentalist academic issue report wednesday call nation adopt mandatory limit greenhouse gas emission linked global warming set stricter fuel economy standard promote nuclear power renewable energy oil exploration,3,Business,4,Sci/Tech
"China's Lenovo to buy IBM's PC business TOKYO - China's Lenovo Group Ltd. signed a definitive agreement on Wednesday to acquire IBM Corp.'s personal computing division. Lenovo will pay US\$1.25 billion in cash for the business, which is expected to transform it into the world's number three PC maker, the companies announced.",china lenovo buy ibm business tokyo china lenovo group ltd signed definitive agreement wednesday acquire ibm corp personal computing division lenovo pay billion cash business expected transform world number three maker company announced,4,Sci/Tech,3,Business
"Millions to miss out on the net Around 40 of the UK will still be without internet access at home by 2025, warns a study by telecoms giant BT.",million miss net around still without internet access home warns study telecom giant,4,Sci/Tech,3,Business
"Schwarzenegger Vows to Defend Emissions Law Toyota, General Motors and seven other automakers filed suit to block California's new greenhouse gas regulation, which was approved by the state in September.",schwarzenegger vow defend emission law toyota general motor seven automaker filed suit block california new greenhouse gas regulation approved state september,1,World,3,Business
"Snow to Stay on With Bush, Principi Exits (AP) AP - Treasury Secretary John Snow, an aggressive champion of the administration's economic policies, accepted President Bush's offer Wednesday to remain in the Cabinet.",snow stay bush principi exit treasury secretary john snow aggressive champion administration economic policy accepted president bush offer wednesday remain cabinet,1,World,3,Business
"Nortel to file restated results next year Nortel Networks said today that after months of trying to untangle faulty financial results, it won't file its 2003 and first-half 2004 results until early next year.",nortel file restated result next year nortel network said today month trying untangle faulty financial result file first half result early next year,4,Sci/Tech,3,Business
"Company Trademark Rights Limited by US High Court (Update1) The US Supreme Court limited the scope of federal trademark protection, saying rival companies in some cases can use proprietary terms even when customers might be confused.",company trademark right limited high court update supreme court limited scope federal trademark protection saying rival company case use proprietary term even customer might confused,3,Business,4,Sci/Tech
"Without Batting An Eyelash : A very French welcome for a new &lt;b&gt;...&lt;/b&gt; THAT night, it seemed as if three or four parties were going on at once in Cosmo Manille. Wrong, palanggas. Actually, there were five in Makati alone, and one of them had a stream of traffic ",without batting eyelash french welcome new night seemed three four party going cosmo manille wrong palanggas actually five makati alone one stream traffic,3,Business,2,Sports
Amazon #39;s UK DVD Rentals Might Presage War with Netflix Analysts said Amazon #39;s launch of the DVD rental service in the UK might be to test its approach and streamline the logistically difficult process of handling DVDs through the mail.,amazon dvd rental might presage war netflix analyst said amazon launch dvd rental service might test approach streamline logistically difficult process handling dvd mail,3,Business,4,Sci/Tech
"Opel to cut payroll by 9,500 Opel gets by without layoffs. Readers taking in these and similar headlines earlier this week were well advised to read the fine print.",opel cut payroll opel get without layoff reader taking similar headline earlier week well advised read fine print,3,Business,4,Sci/Tech
"Nextel, Sprint Talk Merger Nextel Communications Inc. and Sprint Corp. are negotiating a possible merger, according to a source familiar with the discussions.",nextel sprint talk merger nextel communication inc sprint corp negotiating possible merger according source familiar discussion,4,Sci/Tech,3,Business
"Japan's comics retool the art Animation in America once meant Mickey Mouse and Winnie the Pooh. These days, it's just as likely to mean Japanese fighting cyborgs, doe-eyed schoolgirls, and sinister monsters -- thanks in large part to people like John Ledford.",japan comic retool art animation america meant mickey mouse winnie pooh day likely mean japanese fighting cyborg doe eyed schoolgirl sinister monster thanks large part people like john ledford,3,Business,4,Sci/Tech
"Ericsson Selected by MTN South Africa to Supply 3G/WCDMA Network STOCKHOLM, Sweden --(Business Wire)-- Dec. 10, 2004 -- Ericsson (NASDAQ:ERICY) has been selected by MTN South Africa to supply 3G/WCDMA network.",ericsson selected mtn south africa supply wcdma network stockholm sweden business wire dec ericsson nasdaq ericy selected mtn south africa supply wcdma network,4,Sci/Tech,3,Business
"Sources: Sprint, Nextel closing in on \$36B deal Sprint Corp. is in advanced talks to buy Nextel Communications Inc. for more than \$36 billion in a mostly stock deal, sources familiar with the situation said today.",source sprint nextel closing deal sprint corp advanced talk buy nextel communication inc billion mostly stock deal source familiar situation said today,4,Sci/Tech,3,Business
"Cuts offered, issue remains tax or cap The union #39;s proposal to end the lockout, made Thursday at the league #39;s Canadian headquarters, calls for a tax that would penalize -- and perhaps deter -- high-end payrolls.",cut offered issue remains tax cap union proposal end lockout made thursday league canadian headquarters call tax would penalize perhaps deter high end payroll,2,Sports,3,Business
"The Kid Stays in His Home, Dressed in PJ's, With a Live Mike Robert Evans, the fabled Hollywood producer and man about town, will be enjoying his latest gig, as a satellite radio talk-show host, from the comfort of his home.",kid stay home dressed live mike robert evans fabled hollywood producer man town enjoying latest gig satellite radio talk show host comfort home,4,Sci/Tech,3,Business
Indonesian diplomats asked to help improve RI #39;s bad image JAKARTA (Antara): President Susilo Yudhoyono asked Indonesian diplomats on Monday to help the government improve Indonesia #39;s bad image.,indonesian diplomat asked help improve bad image jakarta antara president susilo yudhoyono asked indonesian diplomat monday help government improve indonesia bad image,3,Business,1,World
"Bangladesh boss slams detractors Bangladesh's coach says they still deserve Test status after their 30th defeat, to India.",bangladesh bos slam detractor bangladesh coach say still deserve test status defeat india,1,World,2,Sports
Week's delay for Delta launcher Boeing's new heavy-lift Delta 4 rocket must wait a further week before making its maiden flight.,week delay delta launcher boeing new heavy lift delta rocket must wait week making maiden flight,1,World,4,Sci/Tech
"Software revenue pushes up Oracle #39;s Q2 earnings Oracle Corp. reported second-quarter 2005 earnings that beat analyst expectations on Monday, thanks to new software revenue and continued gains from license updates and product support.",software revenue push oracle earnings oracle corp reported second quarter earnings beat analyst expectation monday thanks new software revenue continued gain license update product support,3,Business,4,Sci/Tech
"Travel Column: Australia Through Aboriginal Eyes This week's TravelWatch column profiles Anangu Tours, an Aborigine-owned tour company in Australia's Red Center.",travel column australia aboriginal eye week travelwatch column profile anangu tour aborigine owned tour company australia red center,4,Sci/Tech,3,Business
"Symantec Said to Be in Talks for Veritas Symantec, which produces the Norton line of computer products, is in talks to acquire Veritas Software, a maker of data backup programs.",symantec said talk veritas symantec produce norton line computer product talk acquire veritas software maker data backup program,3,Business,4,Sci/Tech
Take Two Torts and Call Me in the Morning The friction that sometimes strains the patient-doctor relationship when lawyers seek medical care is at an all-time high.,take two tort call morning friction sometimes strain patient doctor relationship lawyer seek medical care time high,4,Sci/Tech,1,World
"Toys Will Be Toys Trust me, you don #39;t want to see desperate parents shopping over the holidays. I was at Circuit City (NYSE: CC) last week and saw a mother pleading with a sales clerk for a Nintendo DS portable video game system.",toy toy trust want see desperate parent shopping holiday circuit city nyse last week saw mother pleading sale clerk nintendo portable video game system,4,Sci/Tech,3,Business
"Orbitz's Michael Sands Is Named President (AP) AP - Travel-reservations Web site Orbitz Inc. Tuesday said it named its former chief marketing officer, Michael Sands, as president.",orbitz michael sand named president travel reservation web site orbitz inc tuesday said named former chief marketing officer michael sand president,4,Sci/Tech,3,Business
"Sprint Center Of Attention For Nextel And Verizon Wireless Sprint Corp. #39;s enterprise operation, including its nationwide fiber-optic network, suddenly is looking like a swan and not a lame duck, as Verizon Wireless assesses the possibility of making a bid for Sprint in the boiling cell-phone merger scene.",sprint center attention nextel verizon wireless sprint corp enterprise operation including nationwide fiber optic network suddenly looking like swan lame duck verizon wireless assesses possibility making bid sprint boiling cell phone merger scene,3,Business,4,Sci/Tech
"Oracle chairman says can close gap with SAP - report Oracle Corp can close the gap with SAP, the world #39;s biggest software company, after buying US rival PeopleSoft, Oracle #39;s Chairman Jeff Henley said in an interview published on Wednesday.",oracle chairman say close gap sap report oracle corp close gap sap world biggest software company buying rival peoplesoft oracle chairman jeff henley said interview published wednesday,3,Business,4,Sci/Tech
"Bush Pledges Strong-Dollar Policy President Bush meets with Italian Prime Minister Silvio Berlusconi in the Oval Office of the White House, Wednesday, Dec. 15, 2004, in Washington.",bush pledge strong dollar policy president bush meet italian prime minister silvio berlusconi oval office white house wednesday dec washington,3,Business,1,World
"MicroStrategy Turnover Draws Analyst Scrutiny MicroStrategy Inc. said yesterday that president and chief financial officer Eric F. Brown had resigned and that founder Michael J. Saylor would again hold the company's top three jobs, prompting some analysts to raise concerns about the company's stock.",microstrategy turnover draw analyst scrutiny microstrategy inc said yesterday president chief financial officer eric brown resigned founder michael saylor would hold company top three job prompting analyst raise concern company stock,4,Sci/Tech,3,Business
"A Distraction as a Deadline Approaches As the holidays approach, Christmas spirit is a bargain-hunting essential.",distraction deadline approach holiday approach christmas spirit bargain hunting essential,4,Sci/Tech,3,Business
Japan govt body to call for 5.7 billion dollar aid to Daiei (AFP) AFP - A Japanese government-backed organization will ask financial institutions to provide troubled retailer Daiei with 600 billion yen (5.7 billion dollars) in financial assistance.,japan govt body call billion dollar aid daiei afp afp japanese government backed organization ask financial institution provide troubled retailer daiei billion yen billion dollar financial assistance,3,Business,1,World
Broadband charges set to tumble The cost of broadband internet access is likely to fall after Ofcom ordered British Telecom to cut the amount it charges internet providers.,broadband charge set tumble cost broadband internet access likely fall ofcom ordered british telecom cut amount charge internet provider,3,Business,4,Sci/Tech
"FEC Elects Chairman, Vice Chairman (AP) AP - The Federal Election Commission on Thursday elected a new chairman and vice chairman, choosing as its leaders two members who pushed unsuccessfully for tougher limits on partisan political groups.",fec elect chairman vice chairman federal election commission thursday elected new chairman vice chairman choosing leader two member pushed unsuccessfully tougher limit partisan political group,1,World,4,Sci/Tech
"FCC Mulls Airborne Mobile Phone Use Although there may have been technical limitations at the time the cell phone ban was established, according to IDC #39;s Shiv Bakhshi, it is unclear why the ban has remained in place, given that ",fcc mull airborne mobile phone use although may technical limitation time cell phone ban established according idc shiv bakhshi unclear ban remained place given,3,Business,4,Sci/Tech
"Ants Follow Forks in Their Roads to Find Home Forget GPS, forget road signs. Researchers in England say foraging Pharaoh's ants employ a simpler means to find their way home: geometry.",ant follow fork road find home forget gps forget road sign researcher england say foraging pharaoh ant employ simpler mean find way home geometry,4,Sci/Tech,3,Business
"Mars water tops science honours The discovery that salty, acidic water once flowed across the surface of Mars has topped a list of the 10 key scientific advances of 2004.",mar water top science honour discovery salty acidic water flowed across surface mar topped list key scientific advance,1,World,4,Sci/Tech
This week in merger news This week saw three merger deals worth about \$60 billion--including one that ranks as the largest software merger in history.,week merger news week saw three merger deal worth billion including one rank largest software merger history,4,Sci/Tech,3,Business
"Pricey Drug Trials Turn Up Few New Blockbusters The \$500 billion drug industry is stumbling badly in its core business of finding new medicines, while aggressively marketing existing drugs.",pricey drug trial turn new blockbuster billion drug industry stumbling badly core business finding new medicine aggressively marketing existing drug,1,World,3,Business
